,日期,股票代码,名称,收盘价,最高价,最低价,开盘价,前收盘,涨跌额,涨跌幅,换手率,成交量,成交金额,总市值,流通市值,成交笔数
0,2022-04-20,'300750,宁德时代,407.0,443.0,405.78,439.01,440.26,-33.26,-7.5546,1.3458,31199615,12923538889.4,948656438400.0,943545930690.0,159557
1,2022-04-19,'300750,宁德时代,440.26,459.58,438.45,450.46,451.0,-10.74,-2.3814,0.6204,14382133,6429594317.75,1026180549310.0,1020652411410.0,79775
2,2022-04-18,'300750,宁德时代,451.0,451.98,435.3,442.0,450.86,0.14,0.0311,0.5158,11957617,5318801159.41,1051213891200.0,1045550896170.0,64750
3,2022-04-15,'300750,宁德时代,450.86,456.99,432.77,451.14,459.8,-8.94,-1.9443,0.8622,19989104,8854163487.94,1050887572030.0,1045226334920.0,110165
4,2022-04-14,'300750,宁德时代,459.8,476.0,454.0,475.0,466.0,-6.2,-1.3305,0.5932,13752370,6360122750.6,1071725381760.0,1065951889270.0,69419
5,2022-04-13,'300750,宁德时代,466.0,481.8,462.0,465.89,472.0,-6.0,-1.2712,0.4108,9523122,4479994702.53,1086176659200.0,1080325316220.0,49766
6,2022-04-12,'300750,宁德时代,472.0,472.78,460.5,460.77,459.0,13.0,2.8322,0.5391,12498201,5825410117.32,1100161766400.0,1094235084240.0,66603
7,2022-04-11,'300750,宁德时代,459.0,478.0,452.1,475.27,495.0,-36.0,-7.2727,0.8945,20738205,9541686135.04,1069860700800.0,1064097253530.0,109520
8,2022-04-08,'300750,宁德时代,495.0,504.87,489.0,492.7,495.22,-0.22,-0.0444,0.4036,9357130,4635752788.29,1153771344000.0,1147555861650.0,52573
9,2022-04-07,'300750,宁德时代,495.22,505.0,487.05,500.55,508.17,-12.95,-2.5484,0.5158,11958082,5909983777.64,1154284131260.0,1148065886480.0,71557
10,2022-04-06,'300750,宁德时代,508.17,518.0,503.0,516.52,518.9,-10.73,-2.0678,0.3685,8542810,4336158375.45,1184468654300.0,1178087802450.0,48873
11,2022-04-01,'300750,宁德时代,518.9,524.5,505.13,508.0,512.3,6.6,1.2883,0.4106,9518241,4923473198.49,1209478687680.0,1202963104260.0,54420
12,2022-03-31,'300750,宁德时代,512.3,518.0,503.15,515.15,519.0,-6.7,-1.2909,0.4151,9623922,4899473611.96,1194095069760.0,1187662359440.0,53916
13,2022-03-30,'300750,宁德时代,519.0,519.0,492.0,492.0,486.9,32.1,6.5927,0.6995,16216979,8276504323.97,1209711772800.0,1203194933730.0,82266
14,2022-03-29,'300750,宁德时代,486.9,500.0,482.0,487.0,487.0,-0.1,-0.0205,0.4847,11235947,5508775198.92,1134891449280.0,1128777674820.0,64362
15,2022-03-28,'300750,宁德时代,487.0,508.88,478.08,508.88,502.07,-15.07,-3.0016,0.6447,14946512,7277413365.95,1135124534400.0,1129009504290.0,81124
16,2022-03-25,'300750,宁德时代,502.07,518.18,502.0,511.92,514.0,-11.93,-2.321,0.4005,9283639,4724122668.33,1170250461980.0,1163946204970.0,49196
17,2022-03-24,'300750,宁德时代,514.0,517.68,498.38,509.95,515.29,-1.29,-0.2503,0.3658,8480580,4303359299.21,1198057516800.0,1191603460380.0,50814
18,2022-03-23,'300750,宁德时代,515.29,522.98,509.9,520.0,513.0,2.29,0.4464,0.3628,8410966,4336729378.45,1201064314850.0,1194594060500.0,48068
19,2022-03-22,'300750,宁德时代,513.0,520.0,507.0,520.0,520.0,-7.0,-1.3462,0.4412,10228257,5229898248.47,1195726665600.0,1189285165710.0,59144
20,2022-03-21,'300750,宁德时代,520.0,534.2,517.6,520.0,510.5,9.5,1.8609,0.5881,13634076,7164824307.35,1212042624000.0,1205513228400.0,67480
21,2022-03-18,'300750,宁德时代,510.5,524.47,504.0,519.0,524.5,-14.0,-2.6692,0.7071,16391807,8401871659.77,1189899537600.0,1183489429040.0,81117
22,2022-03-17,'300750,宁德时代,524.5,535.0,515.1,517.5,503.1,21.4,4.2536,1.1918,27630079,14545565578.4,1222531454400.0,1215945554420.0,121132
23,2022-03-16,'300750,宁德时代,503.1,503.47,468.49,476.2,463.2,39.9,8.614,1.2174,28223653,13816433731.6,1172651238720.0,1166334048480.0,130757
24,2022-03-15,'300750,宁德时代,463.2,481.29,450.6,461.0,463.0,0.2,0.0432,0.9174,21268688,9944131722.35,1079650275840.0,1073834091140.0,102770
25,2022-03-14,'300750,宁德时代,463.0,487.23,463.0,483.0,493.55,-30.55,-6.1898,0.7027,16291014,7715325213.16,1079184105600.0,1073370432210.0,88138
26,2022-03-11,'300750,宁德时代,493.55,495.0,474.1,480.83,490.81,2.74,0.5583,0.7377,17102172,8275317081.21,1150391609760.0,1144194334380.0,78512
27,2022-03-10,'300750,宁德时代,490.81,505.55,485.31,490.0,473.47,17.34,3.6623,1.0336,23961693,11860996849.5,1144005077470.0,1137842206980.0,102905
28,2022-03-09,'300750,宁德时代,473.47,474.0,448.0,456.0,455.45,18.02,3.9565,1.0118,23457419,10851981839.3,1103588117660.0,1097642977400.0,107522
29,2022-03-08,'300750,宁德时代,455.45,466.46,443.01,463.98,454.89,0.56,0.1231,0.9815,22754060,10355465375.1,1061586179040.0,1055867307450.0,107845
30,2022-03-07,'300750,宁德时代,454.89,485.0,454.01,475.0,491.79,-36.9,-7.5032,1.0611,24599264,11425969374.3,1060280902370.0,1054569062440.0,122818
31,2022-03-04,'300750,宁德时代,491.79,509.0,488.0,505.0,512.99,-21.2,-4.1326,0.7024,16283350,8081812311.2,1146289311650.0,1140114135760.0,90230
32,2022-03-03,'300750,宁德时代,512.99,518.8,506.97,517.2,513.84,-0.85,-0.1654,0.3752,8698927,4456406594.39,1195703357090.0,1189261982760.0,42539
33,2022-03-02,'300750,宁德时代,513.84,531.79,508.88,531.0,536.18,-22.34,-4.1665,0.5786,13412932,6925800187.95,1197684580610.0,1191232533230.0,67973
34,2022-03-01,'300750,宁德时代,536.18,548.08,530.0,539.2,533.36,2.82,0.5287,0.4205,9749032,5244201447.78,1249755796420.0,1243023236160.0,48391
35,2022-02-28,'300750,宁德时代,533.36,536.5,524.0,524.0,528.8,4.56,0.8623,0.4299,9965701,5284369459.23,1243182796030.0,1236485645190.0,53374
36,2022-02-25,'300750,宁德时代,528.8,535.0,520.89,521.0,507.7,21.1,4.156,0.7319,16967238,8978907317.42,1232554114560.0,1225914221500.0,78928
37,2022-02-24,'300750,宁德时代,507.7,521.58,501.0,508.0,519.0,-11.3,-2.1773,0.6971,16160023,8252994692.46,1183373154240.0,1176998203960.0,75836
38,2022-02-23,'300750,宁德时代,519.0,519.05,502.48,506.0,504.0,15.0,2.9762,0.6657,15433230,7922652049.15,1209711772800.0,1203194933730.0,74039
39,2022-02-22,'300750,宁德时代,504.0,508.0,492.37,506.65,510.0,-6.0,-1.1765,0.5881,13632851,6788745089.24,1174749004800.0,1168420513680.0,68007
40,2022-02-21,'300750,宁德时代,510.0,526.5,505.47,526.5,527.5,-17.5,-3.3175,0.6742,15630631,8011219920.84,1188734112000.0,1182330281700.0,74684
41,2022-02-18,'300750,宁德时代,527.5,535.0,522.98,530.0,535.0,-7.5,-1.4019,0.4911,11384779,5993089911.6,1229524008000.0,1222900438420.0,51068
42,2022-02-17,'300750,宁德时代,535.0,543.5,525.58,529.98,530.8,4.2,0.7913,0.4636,10747219,5758516460.83,1247005392000.0,1240287648450.0,54596
43,2022-02-16,'300750,宁德时代,530.8,542.43,523.99,528.0,527.0,3.8,0.7211,0.5481,12706794,6783859294.81,1237215816960.0,1230550810840.0,62337
44,2022-02-15,'300750,宁德时代,527.0,530.33,511.0,519.0,508.0,19.0,3.7402,0.6535,15150828,7915477348.15,1228358582400.0,1221741291090.0,76750
45,2022-02-14,'300750,宁德时代,508.0,512.89,485.06,486.0,489.99,18.01,3.6756,0.8467,19628564,9914026667.42,1184072409600.0,1177693692360.0,95050
46,2022-02-11,'300750,宁德时代,489.99,513.58,489.0,506.0,518.1,-28.11,-5.4256,1.0344,23979847,11994983924.8,1142093779490.0,1135941205350.0,128262
47,2022-02-10,'300750,宁德时代,518.1,552.0,499.89,551.8,547.2,-29.1,-5.318,1.261,29233587,14959750643.4,1207614006720.0,1201108468530.0,139016
48,2022-02-09,'300750,宁德时代,547.2,550.9,527.0,539.0,540.86,6.34,1.1722,0.4958,11494712,6212329182.12,1275441776640.0,1268570843420.0,62949
49,2022-02-08,'300750,宁德时代,540.86,579.44,521.82,579.44,579.44,-38.58,-6.6582,0.8908,20650297,11166726687.5,1260664180030.0,1253872855220.0,107187
50,2022-02-07,'300750,宁德时代,579.44,609.98,574.18,606.0,592.6,-13.16,-2.2207,0.6267,14528859,8588397059.17,1350588419330.0,1343312663580.0,76275
51,2022-01-28,'300750,宁德时代,592.6,604.0,570.44,594.6,574.99,17.61,3.0627,1.0496,24331734,14395957436.7,1381262421120.0,1373821421440.0,103075
52,2022-01-27,'300750,宁德时代,574.99,594.99,570.0,585.0,587.5,-12.51,-2.1294,0.5585,12948188,7546107243.45,1340216131490.0,1332996252300.0,69429
53,2022-01-26,'300750,宁德时代,587.5,590.6,566.5,571.8,565.6,21.9,3.872,0.5005,11603676,6718821593.41,1369375080000.0,1361998118620.0,62043
54,2022-01-25,'300750,宁德时代,565.6,583.33,565.0,573.21,580.99,-15.39,-2.6489,0.3105,7199229,4119696709.72,1318329438720.0,1311227465350.0,42212
55,2022-01-24,'300750,宁德时代,580.99,592.26,559.01,564.0,569.49,11.5,2.0194,0.4987,11562129,6686725178.48,1354201238690.0,1346906020320.0,60112
56,2022-01-21,'300750,宁德时代,569.49,579.6,552.0,563.0,569.13,0.36,0.0633,0.4278,9917398,5620817937.89,1327396449890.0,1320245631620.0,56867
57,2022-01-20,'300750,宁德时代,569.13,578.0,563.35,566.0,569.99,-0.86,-0.1509,0.3479,8065361,4600905692.78,1326557343460.0,1319411045540.0,46454
58,2022-01-19,'300750,宁德时代,569.99,595.0,558.5,589.5,586.8,-16.81,-2.8647,0.6249,14487439,8273655033.16,1328561875490.0,1321404778950.0,72299
59,2022-01-18,'300750,宁德时代,586.8,607.77,586.0,606.85,606.85,-20.05,-3.3039,0.4616,10701672,6345099027.84,1367743484160.0,1360375312360.0,56215
60,2022-01-17,'300750,宁德时代,606.85,608.5,578.8,588.86,577.4,29.45,5.1005,0.6191,14352844,8591412091.32,1414477050720.0,1406857120490.0,77163
61,2022-01-14,'300750,宁德时代,577.4,580.8,556.0,557.06,565.0,12.4,2.1947,0.5009,11612818,6663124572.02,1345833482880.0,1338583342460.0,65385
62,2022-01-13,'300750,宁德时代,565.0,582.0,554.74,571.0,565.04,-0.04,-0.0071,0.5996,13899742,7924626260.7,1316930928000.0,1309836488550.0,71702
63,2022-01-12,'300750,宁德时代,565.04,569.96,550.9,551.0,536.7,28.34,5.2804,0.8266,19164163,10752974048.4,1317024162050.0,1309929220340.0,99628
64,2022-01-11,'300750,宁德时代,536.7,549.9,536.41,541.11,538.4,-1.7,-0.3158,0.3655,8472277,4582697695.68,1250967839040.0,1244228749390.0,50037
65,2022-01-10,'300750,宁德时代,538.4,549.0,524.24,534.98,539.9,-1.5,-0.2778,0.6411,14862906,7964179734.57,1254930286080.0,1248169850330.0,81493
66,2022-01-07,'300750,宁德时代,539.9,556.0,528.0,550.0,541.47,-1.57,-0.29,0.5681,13169468,7135966663.6,1258426562880.0,1251647292330.0,69400
67,2022-01-06,'300750,宁德时代,541.47,547.0,531.79,538.51,547.5,-6.03,-1.1014,0.5988,13882602,7480050944.24,1262085999260.0,1255287014960.0,76596
68,2022-01-05,'300750,宁德时代,547.5,566.88,540.0,566.4,568.88,-21.38,-3.7583,0.7185,16657881,9167983226.16,1276141032000.0,1269266331820.0,84163
69,2022-01-04,'300750,宁德时代,568.88,607.0,561.0,606.0,588.0,-19.12,-3.2517,0.753,17456845,9975828427.53,1325974630660.0,1318831471870.0,97165
70,2021-12-31,'300750,宁德时代,588.0,605.99,582.0,598.3,590.0,-2.0,-0.339,0.4042,9371117,5540408920.97,1370540505600.0,1363157265960.0,51562
71,2021-12-30,'300750,宁德时代,590.0,596.29,575.57,577.0,575.55,14.45,2.5106,0.5358,12420946,7323088709.6,1375202208000.0,1367793855300.0,66036
72,2021-12-29,'300750,宁德时代,575.55,585.99,569.78,585.0,585.0,-9.45,-1.6154,0.4298,9963963,5731323286.03,1341521408160.0,1334294497320.0,56658
73,2021-12-28,'300750,宁德时代,585.0,587.28,569.91,578.0,578.6,6.4,1.1061,0.4167,9659574,5589310230.32,1363547952000.0,1356202381950.0,57616
74,2021-12-27,'300750,宁德时代,578.6,587.99,573.5,574.2,576.8,1.8,0.3121,0.4393,10183543,5915820121.37,1348630504320.0,1341365296060.0,56499
75,2021-12-24,'300750,宁德时代,576.8,625.25,563.0,624.0,622.07,-45.27,-7.2773,1.0615,24608084,14321299320.5,1344434972160.0,1337192365660.0,125078
76,2021-12-23,'300750,宁德时代,622.07,630.8,612.08,618.98,610.24,11.83,1.9386,0.3439,7971819,4954754967.52,1449952605980.0,1442141565370.0,44352
77,2021-12-22,'300750,宁德时代,610.24,617.0,603.0,608.8,604.07,6.17,1.0214,0.3607,8361840,5103433201.98,1422378636290.0,1414716139420.0,46475
78,2021-12-21,'300750,宁德时代,604.07,614.69,594.08,606.0,610.21,-6.14,-1.0062,0.542,12565780,7553655489.85,1407997284380.0,1400412261310.0,68007
79,2021-12-20,'300750,宁德时代,610.21,649.0,607.68,649.0,651.19,-40.98,-6.2931,0.6691,15511352,9648533093.77,1422308710750.0,1414646590580.0,90877
80,2021-12-17,'300750,宁德时代,651.19,653.99,639.7,651.01,655.06,-3.87,-0.5908,0.5888,13649081,8863377800.11,1517826992930.0,1509650306160.0,41943
81,2021-12-16,'300750,宁德时代,655.06,657.3,647.08,657.3,649.0,6.06,0.9337,0.2653,6150222,4018260859.3,1526847387070.0,1518622106530.0,36703
82,2021-12-15,'300750,宁德时代,649.0,661.0,646.95,649.43,651.01,-2.01,-0.3088,0.304,7048016,4606545054.18,1512722428800.0,1504573240830.0,40647
83,2021-12-14,'300750,宁德时代,651.01,657.34,643.98,657.34,658.36,-7.35,-1.1164,0.3788,8781080,5704000135.35,1517407439710.0,1509233013120.0,52007
84,2021-12-13,'300750,宁德时代,658.36,660.66,630.08,639.9,639.95,18.41,2.8768,0.6937,16082778,10409792154.6,1534539196030.0,1526272478940.0,77462
85,2021-12-10,'300750,宁德时代,639.95,653.36,621.18,622.22,633.8,6.15,0.9703,0.9224,21384418,13738235947.2,1491628225440.0,1483592674070.0,87951
86,2021-12-09,'300750,宁德时代,633.8,640.0,622.9,639.0,639.0,-5.2,-0.8138,0.5792,13427209,8443913158.9,1477293490560.0,1469335161850.0,77018
87,2021-12-08,'300750,宁德时代,639.0,644.78,626.25,634.79,629.0,10.0,1.5898,0.5127,11886602,7580712087.91,1489413916800.0,1481390294130.0,65082
88,2021-12-07,'300750,宁德时代,629.0,663.0,612.2,662.0,657.28,-28.28,-4.3026,0.955,22139147,13913426092.2,1466105404800.0,1458207347430.0,111128
89,2021-12-06,'300750,宁德时代,657.28,680.2,656.0,676.1,687.0,-29.72,-4.3261,0.4858,11261215,7509355191.61,1532021876740.0,1523768720700.0,68994
90,2021-12-03,'300750,宁德时代,687.0,692.0,671.0,688.96,688.0,-1.0,-0.1453,0.3485,8078164,5501798477.22,1601294774400.0,1592668438290.0,48648
91,2021-12-02,'300750,宁德时代,688.0,689.2,669.0,671.98,672.0,16.0,2.381,0.3959,9178956,6268320478.24,1603625625600.0,1594986732960.0,54586
92,2021-12-01,'300750,宁德时代,672.0,684.99,664.11,680.0,680.0,-8.0,-1.1765,0.3013,6984571,4696868393.24,1566332006400.0,1557894018240.0,40869
93,2021-11-30,'300750,宁德时代,680.0,685.66,673.33,684.76,679.8,0.2,0.0294,0.3101,7188131,4874671005.49,1584978816000.0,1576440375600.0,39290
94,2021-11-29,'300750,宁德时代,679.8,684.5,653.0,654.0,658.0,21.8,3.3131,0.4946,11465261,7758115212.05,1584512645760.0,1575976716670.0,61590
95,2021-11-26,'300750,宁德时代,658.0,668.8,651.0,651.0,654.0,4.0,0.6116,0.2524,5850222,3865245640.55,1533700089600.0,1525437892860.0,35119
96,2021-11-25,'300750,宁德时代,654.0,658.5,645.29,653.0,658.8,-4.8,-0.7286,0.2511,5822028,3798078532.39,1524376684800.0,1516164714180.0,33839
97,2021-11-24,'300750,宁德时代,658.8,675.8,650.34,670.17,672.0,-13.2,-1.9643,0.3688,8550354,5653890107.47,1535564770560.0,1527292528600.0,47929
98,2021-11-23,'300750,宁德时代,672.0,680.31,666.0,680.31,681.0,-9.0,-1.3216,0.4284,9931174,6671378514.59,1566332006400.0,1557894018240.0,51746
99,2021-11-22,'300750,宁德时代,681.0,681.0,642.11,644.99,639.0,42.0,6.5728,0.6604,15308991,10215261575.5,1587309667200.0,1578758670270.0,73520
100,2021-11-19,'300750,宁德时代,639.0,639.0,620.05,631.0,626.0,13.0,2.0767,0.3648,8456790,5343617369.66,1489413916800.0,1481390294130.0,40881
101,2021-11-18,'300750,宁德时代,626.0,636.66,613.59,625.88,625.88,0.12,0.0192,0.3247,7527274,4697499805.41,1459112851200.0,1451252463420.0,44623
102,2021-11-17,'300750,宁德时代,625.88,630.43,617.56,623.0,614.97,10.91,1.7741,0.3262,7561643,4721304801.75,1458833149060.0,1450974268060.0,41458
103,2021-11-16,'300750,宁德时代,614.97,625.12,607.0,620.0,620.0,-5.03,-0.8113,0.3638,8433513,5202056654.99,1433403562460.0,1425681673210.0,49511
104,2021-11-15,'300750,宁德时代,620.0,640.99,607.96,640.99,641.0,-21.0,-3.2761,0.6047,14007599,8684428486.27,1443984837240.0,1436199788640.0,76890
105,2021-11-12,'300750,宁德时代,641.0,661.86,633.92,657.0,655.85,-14.85,-2.2642,0.493,11420150,7312301472.1,1492894001080.0,1484845265350.0,67014
106,2021-11-11,'300750,宁德时代,655.85,665.13,650.1,651.0,648.0,7.85,1.2114,0.3325,7701413,5069135677.35,1527479766940.0,1519244566740.0,45950
107,2021-11-10,'300750,宁德时代,648.0,656.47,635.0,651.13,663.28,-15.28,-2.3037,0.55,12739826,8216658651.91,1509197055700.0,1501060424260.0,67244
108,2021-11-09,'300750,宁德时代,663.28,668.0,653.13,667.74,660.8,2.48,0.3753,0.2881,6674583,4413176640.35,1544784294910.0,1536455799690.0,38674
109,2021-11-08,'300750,宁德时代,660.8,664.98,631.0,637.0,634.09,26.71,4.2123,0.5297,12269565,8026800882.27,1539008355560.0,1530711000540.0,62112
110,2021-11-05,'300750,宁德时代,634.09,649.78,633.99,639.0,646.85,-12.76,-1.9726,0.3693,8555085,5465118685.46,1476800557170.0,1468838587060.0,47299
111,2021-11-04,'300750,宁德时代,646.85,655.0,636.05,648.0,640.0,6.85,1.0703,0.3972,9201009,5951843600.42,1506518696720.0,1498396505290.0,49390
112,2021-11-03,'300750,宁德时代,640.0,656.02,628.0,651.0,658.0,-18.0,-2.7356,0.5509,12760630,8165156864.72,1490564993280.0,1482528814080.0,63421
113,2021-11-02,'300750,宁德时代,658.0,665.76,648.0,655.0,650.0,8.0,1.2308,0.5673,13140789,8630072694.35,1532487133720.0,1524224936980.0,64778
114,2021-11-01,'300750,宁德时代,650.0,679.0,631.13,641.0,639.22,10.78,1.6864,0.9575,22179659,14502525103.6,1513855071300.0,1505693326800.0,95482
115,2021-10-29,'300750,宁德时代,639.22,645.49,598.94,615.29,607.2,32.02,5.2734,0.875,20268702,12687999698.1,1488748367190.0,1480721982090.0,86666
116,2021-10-28,'300750,宁德时代,607.2,635.0,602.93,625.0,615.04,-7.84,-1.2747,0.7461,17282868,10650216882.9,1414173537370.0,1406549212360.0,75690
117,2021-10-27,'300750,宁德时代,615.04,615.04,593.17,597.99,597.99,17.05,2.8512,0.5849,13548574,8191755889.74,1432432958540.0,1424710190330.0,59715
118,2021-10-26,'300750,宁德时代,597.99,638.48,595.93,635.76,610.77,-12.78,-2.0924,0.6401,14827692,9075608784.6,1392723375520.0,1385214696140.0,71759
119,2021-10-25,'300750,宁德时代,610.77,625.16,603.33,612.0,601.4,9.37,1.558,0.6066,14052090,8636989621.97,1422488095230.0,1414818943400.0,63066
120,2021-10-22,'300750,宁德时代,601.4,605.98,590.33,605.98,596.0,5.4,0.906,0.4758,11021603,6612493209.14,1400665292120.0,1393113794980.0,49486
121,2021-10-21,'300750,宁德时代,596.0,599.0,580.0,590.0,589.5,6.5,1.1026,0.4378,10142297,6008461971.03,1388088649990.0,1380604958110.0,49175
122,2021-10-20,'300750,宁德时代,589.5,613.38,587.0,595.0,590.6,-1.1,-0.1863,0.5382,12466583,7444464950.09,1372950099280.0,1365548024840.0,60861
123,2021-10-19,'300750,宁德时代,590.6,614.98,585.0,604.0,595.02,-4.42,-0.7428,0.6514,15088955,8990013549.6,1375512007860.0,1368096121240.0,69189
124,2021-10-18,'300750,宁德时代,595.02,595.24,570.0,581.0,569.0,26.02,4.5729,0.806,18670216,10933506377.6,1385806222350.0,1378334835870.0,86487
125,2021-10-15,'300750,宁德时代,569.0,578.87,528.1,532.0,532.3,36.7,6.8946,0.9908,22951299,12822713734.9,1325205439340.0,1318060773770.0,107217
126,2021-10-14,'300750,宁德时代,532.3,534.88,525.0,525.0,522.26,10.04,1.9224,0.3385,7841554,4161069009.13,1239730853000.0,1233047012090.0,39329
127,2021-10-13,'300750,宁德时代,522.26,522.5,504.0,505.0,505.0,17.26,3.4178,0.3303,7652244,3950317431.22,1216347614670.0,1209789841310.0,42691
128,2021-10-12,'300750,宁德时代,505.0,522.62,498.88,521.58,521.0,-16.0,-3.071,0.414,9590683,4879529812.42,1176148940010.0,1169807892360.0,52449
129,2021-10-11,'300750,宁德时代,521.0,537.6,518.06,535.0,534.0,-13.0,-2.4345,0.3381,7830888,4112416011.4,1213413064840.0,1206871112710.0,42911
130,2021-10-08,'300750,宁德时代,534.0,550.07,522.9,534.0,525.73,8.27,1.5731,0.5403,12516925,6710477515.55,1243690166270.0,1236984979250.0,61145
131,2021-09-30,'300750,宁德时代,525.73,532.5,502.01,505.0,502.51,23.22,4.6208,0.7215,16714235,8696962248.11,1224429271750.0,1217827927230.0,83581
132,2021-09-29,'300750,宁德时代,502.51,511.8,494.0,496.0,500.43,2.08,0.4156,0.4056,9395464,4739177462.63,1170349710580.0,1164039928690.0,49449
133,2021-09-28,'300750,宁德时代,500.43,517.95,498.2,512.0,513.5,-13.07,-2.5453,0.3981,9222505,4682091359.49,1165505374350.0,1159221710050.0,49162
134,2021-09-27,'300750,宁德时代,513.5,519.8,499.79,505.0,499.98,13.52,2.7041,0.6258,14496264,7441411134.81,1195945506330.0,1189497728170.0,73984
135,2021-09-24,'300750,宁德时代,499.98,512.51,490.5,494.87,492.99,6.99,1.4179,0.443,10262492,5155614316.07,1164457320840.0,1158179306970.0,55747
136,2021-09-23,'300750,宁德时代,492.99,504.86,491.8,504.86,493.31,-0.32,-0.0649,0.3447,7971421,3955499103.71,1148177556310.0,1140170471890.0,45271
137,2021-09-22,'300750,宁德时代,493.31,501.0,488.1,494.6,503.0,-9.69,-1.9264,0.2778,6423920,3170987210.07,1148922838800.0,1140910556980.0,35412
138,2021-09-17,'300750,宁德时代,503.0,509.0,492.13,497.0,498.0,5.0,1.004,0.3548,8193837,4095076761.76,1171490924410.0,1161617829150.0,46013
139,2021-09-16,'300750,宁德时代,498.0,523.0,498.0,523.0,525.35,-27.35,-5.2061,0.4876,11260408,5712849969.45,1159845885400.0,1150070932240.0,58786
140,2021-09-15,'300750,宁德时代,525.35,531.99,511.81,530.0,529.9,-4.55,-0.8587,0.4547,10501454,5470153200.69,1223544248780.0,1213232458330.0,57843
141,2021-09-14,'300750,宁德时代,529.9,541.0,502.92,507.12,502.8,27.1,5.3898,1.0126,23383657,12347086768.8,1234141234280.0,1223740134520.0,108087
142,2021-09-13,'300750,宁德时代,502.8,512.1,496.0,502.1,502.1,0.7,0.1394,0.3884,8968966,4498932655.14,1171025122850.0,1161155953270.0,44851
143,2021-09-10,'300750,宁德时代,502.1,503.78,490.68,493.44,507.2,-5.1,-1.0055,0.4892,11296936,5625272662.43,1169394817380.0,1159539387700.0,58843
144,2021-09-09,'300750,宁德时代,507.2,518.98,490.8,509.5,503.0,4.2,0.835,0.477,11016209,5541869353.34,1181272757170.0,1171317222550.0,62971
145,2021-09-08,'300750,宁德时代,503.0,523.58,500.0,519.0,514.01,-11.01,-2.142,0.4217,9739395,4960557751.53,1171490924410.0,1161617829150.0,51124
146,2021-09-07,'300750,宁德时代,514.01,526.66,510.0,515.0,516.1,-2.09,-0.405,0.408,9422232,4866454172.22,1197133300310.0,1187044096140.0,47940
147,2021-09-06,'300750,宁德时代,516.1,518.0,483.0,493.0,486.5,29.6,6.0843,0.6405,14791957,7471544141.65,1202000926610.0,1191870699050.0,71096
148,2021-09-03,'300750,宁德时代,486.5,503.88,480.88,498.0,493.5,-7.0,-1.4184,0.4885,11282023,5523301032.38,1133062295670.0,1123513069340.0,57627
149,2021-09-02,'300750,宁德时代,493.5,496.11,485.78,492.0,488.71,4.79,0.9801,0.4964,11464887,5637614465.94,1149365350290.0,1139678725020.0,63358
150,2021-09-01,'300750,宁德时代,488.71,494.0,471.5,492.0,494.87,-6.16,-1.2448,0.6263,14462675,7006043909.9,1138209402920.0,1128616797780.0,72862
151,2021-08-31,'300750,宁德时代,494.87,511.94,485.85,511.94,505.24,-10.37,-2.0525,0.6392,14762087,7288932626.77,1152556090980.0,1142842574770.0,77633
152,2021-08-30,'300750,宁德时代,505.24,525.8,498.86,507.45,507.5,-2.26,-0.4453,0.6805,15714333,8036791726.73,1176707901880.0,1166790838960.0,80738
153,2021-08-27,'300750,宁德时代,507.5,524.0,502.0,520.0,521.0,-13.5,-2.5912,0.5178,11958157,6098898952.57,1181971459520.0,1172010036360.0,62279
154,2021-08-26,'300750,宁德时代,521.0,558.94,520.89,539.98,530.24,-9.24,-1.7426,0.7274,16798255,8951110526.85,1213413064840.0,1203186658020.0,76944
155,2021-08-25,'300750,宁德时代,530.24,532.2,511.2,524.0,523.0,7.24,1.3843,0.4127,9530347,4963866861.09,1234933096930.0,1224525323510.0,54611
156,2021-08-24,'300750,宁德时代,523.0,540.1,515.12,516.4,521.9,1.1,0.2108,0.5765,13313712,7011227150.0,1218071080450.0,1207805416790.0,68877
157,2021-08-23,'300750,宁德时代,521.9,523.22,502.01,505.0,494.11,27.79,5.6243,0.7025,16224431,8359923041.06,1215509171860.0,1205265099470.0,79648
158,2021-08-20,'300750,宁德时代,494.11,499.2,482.5,499.0,503.0,-8.89,-1.7674,0.5425,12527606,6160678537.9,1150786045050.0,1141087446440.0,68158
159,2021-08-19,'300750,宁德时代,503.0,509.73,484.0,502.0,495.0,8.0,1.6162,0.6259,14453518,7215253955.37,1171490924410.0,1161617829150.0,71821
160,2021-08-18,'300750,宁德时代,495.0,502.9,477.41,486.54,480.0,15.0,3.125,0.691,15957481,7861906061.17,1152858861990.0,1143142794090.0,82205
161,2021-08-17,'300750,宁德时代,480.0,494.8,477.24,485.0,477.0,3.0,0.6289,0.676,15610638,7586087133.68,1117923744960.0,1108502103360.0,80666
162,2021-08-16,'300750,宁德时代,477.0,503.89,469.88,494.0,502.05,-25.05,-4.9895,0.9545,22043980,10620462840.2,1110936721550.0,1101573965210.0,109580
163,2021-08-13,'300750,宁德时代,502.05,529.9,480.0,480.0,502.0,0.05,0.01,1.2006,27725763,14085448989.0,1169278366990.0,1159423918730.0,120670
164,2021-08-12,'300750,宁德时代,502.0,512.99,494.0,512.01,517.25,-15.25,-2.9483,0.7412,17116184,8599262131.01,1169161916600.0,1159308449760.0,86661
165,2021-08-11,'300750,宁德时代,517.25,523.0,504.88,510.0,510.5,6.75,1.3222,0.4866,11236434,5790098627.49,1204679285580.0,1194526485340.0,60148
166,2021-08-10,'300750,宁德时代,510.5,519.19,499.0,511.01,516.0,-5.5,-1.0659,0.7802,18016853,9152881562.62,1188958482920.0,1178938174510.0,87677
167,2021-08-09,'300750,宁德时代,516.0,532.5,502.99,532.0,543.88,-27.88,-5.1261,0.8047,18583111,9534234240.43,1201768025830.0,1191639761110.0,93944
168,2021-08-06,'300750,宁德时代,543.88,567.0,539.0,564.79,557.0,-13.12,-2.3555,0.6223,14371245,7918384463.82,1266700763350.0,1256025258280.0,73399
169,2021-08-05,'300750,宁德时代,557.0,566.0,546.53,566.0,569.0,-12.0,-2.109,0.562,12979233,7197921132.82,1297257345710.0,1286324315770.0,62712
170,2021-08-04,'300750,宁德时代,569.0,570.99,525.0,534.0,531.0,38.0,7.1563,0.7535,17400431,9647161978.27,1325205439340.0,1314036868360.0,85578
171,2021-08-03,'300750,宁德时代,531.0,556.0,523.0,555.0,552.0,-21.0,-3.8043,0.5299,12238308,6535093739.81,1236703142860.0,1226280451840.0,61847
172,2021-08-02,'300750,宁德时代,552.0,574.99,532.88,557.0,550.4,1.6,0.2907,0.7923,18297279,10131832068.1,1285612306700.0,1274777418860.0,84666
173,2021-07-30,'300750,宁德时代,550.4,582.2,540.0,565.0,556.8,-6.4,-1.1494,0.8739,20181013,11332846398.8,1281885894220.0,1271082411850.0,94072
174,2021-07-29,'300750,宁德时代,556.8,557.74,529.0,546.0,525.05,31.75,6.047,0.8063,18620249,10167714631.3,1296791544150.0,1285862439900.0,86859
175,2021-07-28,'300750,宁德时代,525.05,533.3,496.0,496.0,495.0,30.05,6.0707,0.9407,21724743,11221667797.3,1222845546440.0,1212539644520.0,91451
176,2021-07-27,'300750,宁德时代,495.0,559.19,495.0,543.02,539.78,-44.78,-8.296,0.7728,17846033,9419312665.15,1152858861990.0,1143142794090.0,83024
177,2021-07-26,'300750,宁德时代,539.78,552.93,522.5,544.0,547.01,-7.23,-1.3217,0.5512,12728980,6852321740.95,1257151831360.0,1246556802820.0,68641
178,2021-07-23,'300750,宁德时代,547.01,563.99,546.0,555.0,557.08,-10.07,-1.8076,0.4041,9332873,5157401634.64,1273990557770.0,1263253615750.0,48946
179,2021-07-22,'300750,宁德时代,557.08,563.69,545.69,556.6,555.78,1.3,0.2339,0.4713,10883599,6027459316.6,1297443666340.0,1286509066120.0,55945
180,2021-07-21,'300750,宁德时代,555.78,556.08,526.01,530.02,528.04,27.74,5.2534,0.7883,18204911,9878628606.91,1294415956200.0,1283506872930.0,78715
181,2021-07-20,'300750,宁德时代,528.04,539.27,515.0,515.0,523.5,4.54,0.8672,0.5629,13000547,6869197468.72,1229809279770.0,1219444688870.0,60605
182,2021-07-19,'300750,宁德时代,523.5,541.68,516.0,540.0,531.0,-7.5,-1.4124,0.78,18012945,9474773727.22,1219235584350.0,1208960106480.0,88209
183,2021-07-16,'300750,宁德时代,531.0,567.0,528.13,567.0,568.0,-37.0,-6.5141,0.7729,17849493,9719489197.62,1236703142860.0,1226280451840.0,85055
184,2021-07-15,'300750,宁德时代,568.0,568.88,541.05,545.0,551.37,16.63,3.0161,0.5947,13733347,7628510590.39,1322876431540.0,1311727488980.0,65838
185,2021-07-14,'300750,宁德时代,551.37,561.88,541.0,555.0,563.01,-11.64,-2.0675,0.5451,12587871,6965504600.68,1284145031790.0,1273322509850.0,63235
186,2021-07-13,'300750,宁德时代,563.01,579.6,552.0,560.0,565.79,-2.78,-0.4913,0.5905,13637065,7678988306.08,1311254682600.0,1300203685860.0,64965
187,2021-07-12,'300750,宁德时代,565.79,577.0,556.11,556.11,545.88,19.91,3.6473,0.6702,15476312,8772503853.06,1317729324290.0,1306623760540.0,70000
188,2021-07-09,'300750,宁德时代,545.88,558.99,534.55,558.99,559.16,-13.28,-2.375,0.6781,15660730,8521226651.94,1271358778960.0,1260644017050.0,73776
189,2021-07-08,'300750,宁德时代,559.16,571.5,542.64,550.99,542.5,16.66,3.071,0.6876,15879012,8888330054.72,1302288002570.0,1291312575240.0,72897
190,2021-07-07,'300750,宁德时代,542.5,542.5,507.13,520.0,515.23,27.27,5.2928,0.7857,18145691,9654261557.26,1263486732580.0,1252838314740.0,82801
191,2021-07-06,'300750,宁德时代,515.23,540.97,501.91,520.0,519.27,-4.04,-0.778,0.7818,18055540,9395935106.71,1199974689820.0,1189861538990.0,89559
192,2021-07-05,'300750,宁德时代,519.27,528.68,508.07,515.0,519.35,-0.08,-0.0154,0.6214,14351499,7406241681.91,1209383881340.0,1199191431690.0,75915
193,2021-07-02,'300750,宁德时代,519.59,535.16,509.66,524.13,529.5,-9.91,-1.8716,0.6007,13871718,7242849769.0,1210129163840.0,1199930433090.0,68352
194,2021-07-01,'300750,宁德时代,529.5,540.0,518.01,536.8,534.8,-5.3,-0.991,0.4904,11324700,5996925819.84,1233209631160.0,1222816382770.0,59654
195,2021-06-30,'300750,宁德时代,534.8,542.0,498.0,509.01,508.51,26.29,5.17,0.626,14455682,7574604647.61,1245553372510.0,1235056093490.0,66168
196,2021-06-29,'300750,宁德时代,508.51,519.6,504.22,513.65,493.9,14.61,2.9581,0.6643,15340180,7834685995.77,1184323757400.0,1174342509540.0,68452
197,2021-06-28,'300750,宁德时代,493.9,502.98,468.31,476.22,476.23,17.67,3.7104,0.6341,14643927,7224070341.95,1150296953410.0,1140602476770.0,59720
198,2021-06-25,'300750,宁德时代,476.23,477.0,459.0,473.0,467.3,8.93,1.911,0.4311,9955534,4686222357.53,1109143385550.0,1099795743090.0,50467
199,2021-06-24,'300750,宁德时代,467.3,474.88,462.01,473.13,468.45,-1.15,-0.2455,0.3989,9213246,4302188924.11,1088345345870.0,1079172985210.0,44258
200,2021-06-23,'300750,宁德时代,468.45,472.01,451.5,454.08,450.23,18.22,4.0468,0.5389,12445699,5774145630.95,1091023704850.0,1081828771500.0,55268
201,2021-06-22,'300750,宁德时代,450.23,453.99,440.22,450.18,452.8,-2.57,-0.5676,0.3831,8847005,3966367403.96,1048799091630.0,1039751879160.0,43225
202,2021-06-21,'300750,宁德时代,452.8,455.9,440.22,451.8,450.0,2.8,0.6222,0.5232,12082314,5452180813.1,1054785839880.0,1045686984170.0,50555
203,2021-06-18,'300750,宁德时代,450.0,455.2,437.19,437.19,434.51,15.49,3.5649,0.6755,15600042,7001105223.46,1048263312600.0,1039220721900.0,61989
204,2021-06-17,'300750,宁德时代,434.51,437.74,424.25,424.25,420.18,14.33,3.4104,0.4448,10272398,4433456914.82,1012179759910.0,1003448435270.0,47771
205,2021-06-16,'300750,宁德时代,420.18,443.8,417.01,440.91,445.0,-24.82,-5.5775,0.6049,13969365,5989483516.45,978798397085.0,970355028729.0,63915
206,2021-06-15,'300750,宁德时代,445.0,455.9,435.5,453.0,451.98,-6.98,-1.5443,0.4439,10252153,4562143371.35,1036615942460.0,1027673824990.0,50006
207,2021-06-11,'300750,宁德时代,451.98,457.84,430.06,443.0,434.63,17.35,3.9919,0.8572,19796063,8816469190.82,1052875671180.0,1043793293080.0,74049
208,2021-06-10,'300750,宁德时代,434.63,444.66,410.09,410.09,409.37,25.26,6.1705,1.426,19350231,8400201736.84,1012459296790.0,589792096373.0,81861
209,2021-06-09,'300750,宁德时代,409.37,416.0,403.0,409.0,409.59,-0.22,-0.0537,0.6896,9358239,3829137540.88,953616782842.0,555514323659.0,44461
210,2021-06-08,'300750,宁德时代,409.59,424.85,404.0,404.0,407.5,2.09,0.5129,1.2256,16631690,6887633928.45,954129267129.0,555812863248.0,74236
211,2021-06-07,'300750,宁德时代,407.5,423.99,400.0,423.85,432.21,-24.71,-5.7171,1.5865,21529447,8812647425.85,949260666410.0,552976737160.0,90531
212,2021-06-04,'300750,宁德时代,432.21,439.5,415.16,419.0,414.78,17.43,4.2022,1.3272,18010150,7765736027.45,1006821969640.0,586508160903.0,77952
213,2021-06-03,'300750,宁德时代,414.78,428.28,410.0,426.0,424.5,-9.72,-2.2898,0.912,12375991,5164432660.23,966219237334.0,562855683532.0,54638
214,2021-06-02,'300750,宁德时代,424.5,433.69,419.27,429.1,425.34,-0.84,-0.1975,0.8527,11571216,4933369539.66,988861724886.0,576045705336.0,55124
215,2021-06-01,'300750,宁德时代,425.34,431.0,416.52,420.0,434.1,-8.76,-2.018,1.1699,15875357,6727933260.37,990818483070.0,577185583764.0,67865
216,2021-05-31,'300750,宁德时代,434.1,435.57,414.0,416.0,409.6,24.5,5.9814,1.4743,20006312,8540083588.81,1011224675550.0,589072887365.0,84997
217,2021-05-28,'300750,宁德时代,409.6,421.5,390.0,390.0,384.0,25.6,6.6667,2.0424,27715051,11346592533.3,954152561869.0,555826433229.0,119029
218,2021-05-27,'300750,宁德时代,384.0,390.0,381.85,387.51,385.42,-1.42,-0.3684,0.5866,7959838,3073473014.83,894518026752.0,521087281152.0,35523
219,2021-05-26,'300750,宁德时代,385.42,399.98,384.66,395.0,395.53,-10.11,-2.5561,0.9358,12698850,4932244991.47,897825879872.0,523014218494.0,56878
220,2021-05-25,'300750,宁德时代,395.53,396.0,385.7,389.44,387.96,7.57,1.9512,1.1023,14957705,5881748189.73,921376862295.0,536733469568.0,64161
221,2021-05-24,'300750,宁德时代,387.96,388.55,376.18,380.0,375.57,12.39,3.299,1.2499,16961148,6535959080.02,903742743903.0,526460993739.0,72642
222,2021-05-21,'300750,宁德时代,375.57,387.28,368.97,382.77,377.74,-2.17,-0.5745,1.0359,14056597,5316782152.9,874880560696.0,509647786933.0,64509
223,2021-05-20,'300750,宁德时代,377.74,383.89,370.1,377.8,375.05,2.69,0.7172,0.9465,12843969,4839062724.47,879935519337.0,512592472871.0,59631
224,2021-05-19,'300750,宁德时代,375.05,380.0,363.0,366.5,369.1,5.95,1.612,0.8656,11746435,4407782455.5,873669234201.0,508942147906.0,55538
225,2021-05-18,'300750,宁德时代,369.1,379.2,366.46,372.0,373.18,-4.08,-1.0933,0.6604,8962010,3323751525.18,859808863735.0,500868009045.0,46166
226,2021-05-17,'300750,宁德时代,373.18,375.88,359.99,360.0,359.0,14.18,3.9499,1.4245,19330918,7172265166.21,869313117769.0,506404561407.0,85133
227,2021-05-14,'300750,宁德时代,359.0,360.5,343.17,353.52,351.1,7.9,2.2501,1.3012,17657660,6228877398.1,836281176052.0,487162327952.0,74214
228,2021-05-13,'300750,宁德时代,351.1,358.78,349.7,354.3,361.5,-10.4,-2.8769,0.8362,11347605,4017576452.11,817878331231.0,476442042741.0,50612
229,2021-05-12,'300750,宁德时代,361.5,369.07,355.59,367.0,366.6,-5.1,-1.3912,0.9845,13360160,4812795101.18,842104861122.0,490554823272.0,64870
230,2021-05-11,'300750,宁德时代,366.6,369.9,353.0,362.0,368.21,-1.61,-0.4373,0.841,11412084,4142445890.27,853985178665.0,497475513725.0,59023
231,2021-05-10,'300750,宁德时代,368.21,373.99,360.0,364.8,367.28,0.93,0.2532,0.9179,12455280,4573789550.41,857735631850.0,499660280711.0,56097
232,2021-05-07,'300750,宁德时代,367.28,387.55,366.13,384.0,384.0,-16.72,-4.3542,1.1156,15138529,5685506805.9,855569221004.0,498398272452.0,73821
233,2021-05-06,'300750,宁德时代,384.0,390.0,368.5,390.0,388.17,-4.17,-1.0743,1.3978,18968026,7198512557.3,894518026752.0,521087281152.0,84161
234,2021-04-30,'300750,宁德时代,388.17,392.0,367.92,373.0,379.99,8.18,2.1527,1.9061,25865106,9896566189.38,904231933449.0,526745963346.0,88502
235,2021-04-29,'300750,宁德时代,379.99,381.9,367.87,370.81,367.03,12.96,3.531,1.3328,18086320,6806129765.77,885176835900.0,515645718659.0,79895
236,2021-04-28,'300750,宁德时代,367.03,375.0,352.0,353.01,348.6,18.43,5.2869,1.7415,23632614,8597828977.93,854986852497.0,498059022920.0,90733
237,2021-04-27,'300750,宁德时代,348.6,350.8,340.26,350.0,349.0,-0.4,-0.1146,1.1187,15180979,5243699574.44,812054646161.0,473049547421.0,56415
238,2021-04-26,'300750,宁德时代,349.0,380.0,347.2,373.6,371.5,-22.5,-6.0565,1.8883,25623665,9238754935.97,812986435772.0,473592346672.0,104442
239,2021-04-23,'300750,宁德时代,371.5,373.0,360.01,362.36,362.36,9.14,2.5224,0.8502,11536538,4255126795.19,865399601402.0,504124804552.0,51457
240,2021-04-22,'300750,宁德时代,362.36,366.6,353.63,366.0,355.69,6.67,1.8752,0.7952,10791346,3907120259.51,844108208786.0,491721841662.0,50227
241,2021-04-21,'300750,宁德时代,355.69,357.9,347.8,351.16,359.0,-3.31,-0.922,0.9138,12399643,4373022068.64,828570617019.0,482670664148.0,58004
242,2021-04-20,'300750,宁德时代,359.0,368.79,353.5,357.98,364.0,-5.0,-1.3736,1.0526,14283434,5154523734.92,836281176052.0,487162327952.0,65255
243,2021-04-19,'300750,宁德时代,364.0,364.5,331.35,335.0,333.84,30.16,9.0343,1.5142,20547682,7250923622.24,847928546192.0,493947318592.0,85150
244,2021-04-16,'300750,宁德时代,333.84,340.4,324.6,340.0,337.0,-3.16,-0.9377,0.8501,11536269,3834287110.76,777671609508.0,453020255052.0,56483
245,2021-04-15,'300750,宁德时代,337.0,341.5,333.17,339.96,346.0,-9.0,-2.6012,0.9192,12474137,4202803202.76,785032747436.0,457308369136.0,54658
246,2021-04-14,'300750,宁德时代,346.0,347.49,328.68,331.26,324.76,21.24,6.5402,1.3636,18504345,6295708676.4,805998013688.0,469521352288.0,79339
247,2021-04-13,'300750,宁德时代,324.76,333.0,313.1,313.3,315.01,9.75,3.0951,1.0332,14021091,4558191605.51,756519985333.0,440698712049.0,70597
248,2021-04-12,'300750,宁德时代,315.01,325.04,313.1,318.26,312.0,3.01,0.9647,1.0361,14059546,4483570206.77,733807613560.0,427467980301.0,69841
249,2021-04-09,'300750,宁德时代,312.0,324.01,310.0,324.01,319.85,-7.85,-2.4543,0.6871,9323686,2918718120.0,726795896736.0,423383415936.0,47229
250,2021-04-08,'300750,宁德时代,319.85,321.66,311.0,314.0,320.0,-0.15,-0.0469,0.58,7870973,2507089321.0,745082267856.0,434035851241.0,37773
251,2021-04-07,'300750,宁德时代,320.0,332.91,312.15,332.91,325.8,-5.8,-1.7802,0.987,13393147,4245479570.23,745431688960.0,434239400960.0,67070
252,2021-04-06,'300750,宁德时代,325.8,338.0,319.09,335.0,332.4,-6.6,-1.9856,0.7711,10463817,3421873640.8,758942638322.0,442109990102.0,54988
253,2021-04-02,'300750,宁德时代,332.4,336.18,326.88,332.95,329.99,2.41,0.7303,0.6826,9262891,3074575828.17,774317166907.0,451066177747.0,46044
254,2021-04-01,'300750,宁德时代,329.99,335.49,323.3,323.8,322.17,7.82,2.4273,0.8352,11333813,3741712771.48,768703134500.0,447795812259.0,53808
255,2021-03-31,'300750,宁德时代,322.17,326.16,313.0,318.89,318.98,3.19,1.0001,1.1831,16054553,5133802498.75,750486647601.0,437184086898.0,62744
256,2021-03-30,'300750,宁德时代,318.98,320.98,308.0,311.61,311.6,7.38,2.3684,0.9315,12640386,4003150838.63,743055625451.0,432855262869.0,56565
257,2021-03-29,'300750,宁德时代,311.6,319.77,305.01,313.5,313.62,-2.02,-0.6441,1.1469,15563243,4871068353.95,725864107125.0,422840616685.0,71298
258,2021-03-26,'300750,宁德时代,313.62,314.05,293.0,295.0,291.55,22.07,7.5699,1.7473,23710285,7292443310.74,730569644661.0,425581752903.0,100838
259,2021-03-25,'300750,宁德时代,291.55,293.35,280.05,280.51,288.79,2.76,0.9557,1.3589,18439889,5281518749.08,679158152863.0,395632804218.0,76035
260,2021-03-24,'300750,宁德时代,288.79,305.1,285.0,305.0,303.91,-15.12,-4.9752,1.8576,25208186,7334176816.41,672728804546.0,391887489385.0,117284
261,2021-03-23,'300750,宁德时代,303.91,310.64,300.12,305.0,307.8,-3.89,-1.2638,1.114,15116923,4603584945.64,707950451849.0,412405301080.0,65223
262,2021-03-22,'300750,宁德时代,307.8,321.0,298.89,319.0,316.5,-8.7,-2.7488,1.7076,23171883,7137600231.12,717012105818.0,417684023798.0,99829
263,2021-03-19,'300750,宁德时代,316.5,332.99,311.0,325.0,335.8,-19.3,-5.7475,1.3981,18971590,6051504889.61,737278529862.0,429489907512.0,81506
264,2021-03-18,'300750,宁德时代,335.8,343.11,333.51,334.0,333.0,2.8,0.8408,0.8377,11366956,3840901084.28,782237378602.0,455679971382.0,49885
265,2021-03-17,'300750,宁德时代,333.0,336.2,313.1,317.88,323.0,10.0,3.096,1.0813,14672578,4829807794.64,775714851324.0,451880376624.0,68032
266,2021-03-16,'300750,宁德时代,323.0,324.99,313.5,317.0,312.3,10.7,3.4262,1.0105,13712397,4384184142.32,752420111044.0,438310395344.0,55044
267,2021-03-15,'300750,宁德时代,312.3,340.0,307.0,340.0,341.46,-29.16,-8.5398,1.6979,23040352,7361113706.9,727494738944.0,423790515374.0,93923
268,2021-03-12,'300750,宁德时代,341.46,345.0,331.3,336.91,331.28,10.18,3.0729,1.3966,18952041,6424536234.89,795422201601.0,463360580787.0,75189
269,2021-03-11,'300750,宁德时代,331.28,333.48,311.3,316.0,314.5,16.78,5.3355,1.5449,20964281,6829108561.82,771708155996.0,449546339844.0,84943
270,2021-03-10,'300750,宁德时代,314.5,322.28,313.0,316.0,300.0,14.5,4.8333,1.7512,23763768,7542999117.76,732619581806.0,426775911256.0,85264
271,2021-03-09,'300750,宁德时代,300.0,310.5,289.0,300.0,305.0,-5.0,-1.6393,2.016,27357719,8235734794.89,698842208400.0,407099438400.0,99529
272,2021-03-08,'300750,宁德时代,305.0,334.72,300.88,323.0,320.0,-15.0,-4.6875,1.5693,21295514,6751702325.59,710489578540.0,413884429040.0,90391
273,2021-03-05,'300750,宁德时代,320.0,326.88,308.33,313.01,325.57,-5.57,-1.7108,1.2754,17307341,5511104280.19,745431688960.0,434239400960.0,70231
274,2021-03-04,'300750,宁德时代,325.57,345.0,322.91,345.0,349.63,-24.06,-6.8816,1.3341,18103403,5984259540.03,758406859296.0,441797880533.0,78105
275,2021-03-03,'300750,宁德时代,349.63,349.63,340.36,346.05,349.6,0.03,0.0086,0.7711,10464433,3617077585.64,814454004410.0,474447255493.0,49758
276,2021-03-02,'300750,宁德时代,349.6,353.2,341.06,353.0,344.6,5.0,1.451,1.1261,15281131,5308970364.61,814384120189.0,474406545549.0,71727
277,2021-03-01,'300750,宁德时代,344.6,345.62,328.28,331.51,322.23,22.37,6.9422,1.5136,20539402,6964880536.07,802736750049.0,467621554909.0,88613
278,2021-02-26,'300750,宁德时代,322.23,333.0,317.79,323.0,337.1,-14.87,-4.4112,1.6913,22950635,7449904802.03,750626416042.0,437265506785.0,97951
279,2021-02-25,'300750,宁德时代,337.1,353.85,335.0,353.85,347.0,-9.9,-2.853,1.811,24575702,8445690070.16,785265694839.0,457444068949.0,98950
280,2021-02-24,'300750,宁德时代,347.0,378.0,339.4,375.0,376.54,-29.54,-7.8451,2.2308,30272084,10682015850.8,808327487716.0,470878350416.0,126596
281,2021-02-23,'300750,宁德时代,376.54,376.54,360.88,370.0,375.0,1.54,0.4107,1.0026,13604746,5027757786.27,877140150503.0,510964075117.0,63412
282,2021-02-22,'300750,宁德时代,375.0,395.8,374.9,387.5,387.5,-12.5,-3.2258,1.2322,16720351,6411239336.71,873552760500.0,508874298000.0,85654
283,2021-02-19,'300750,宁德时代,387.5,396.0,374.2,390.0,397.0,-9.5,-2.3929,1.3773,18690354,7159858378.61,902671185850.0,525836774600.0,94700
284,2021-02-18,'300750,宁德时代,397.0,422.0,386.88,422.0,412.66,-15.66,-3.7949,1.7557,23824929,9491493857.26,924801189116.0,538728256816.0,103030
285,2021-02-10,'300750,宁德时代,412.66,416.6,406.0,413.99,410.2,2.46,0.5997,1.1999,16282957,6704613974.91,961280752394.0,559978847500.0,68806
286,2021-02-09,'300750,宁德时代,410.2,415.0,400.8,411.2,404.0,6.2,1.5347,1.1941,16203746,6632109518.73,955550246286.0,556640632106.0,70698
287,2021-02-08,'300750,宁德时代,404.0,404.8,373.01,375.0,373.45,30.55,8.1805,1.7983,24402658,9586610901.77,941107507312.0,548227243712.0,104082
288,2021-02-05,'300750,宁德时代,373.45,396.99,372.85,395.0,388.5,-15.05,-3.8739,1.3568,18411695,7036248026.18,869942075757.0,506770950902.0,87348
289,2021-02-04,'300750,宁德时代,388.5,393.8,379.5,384.91,380.98,7.52,1.9739,1.594,21630174,8354708667.47,905000659878.0,527193772728.0,89950
290,2021-02-03,'300750,宁德时代,380.98,387.56,375.05,379.0,367.8,13.18,3.5835,1.7096,21107294,8082621707.65,887483015187.0,470372339522.0,86015
291,2021-02-02,'300750,宁德时代,367.8,369.99,337.37,352.01,350.33,17.47,4.9867,2.0319,25086475,8919403723.18,856780547498.0,454099812264.0,103571
292,2021-02-01,'300750,宁德时代,350.33,356.9,346.2,353.0,354.11,-3.78,-1.0675,1.4195,17525081,6170654212.21,816084636229.0,432530688500.0,72035
293,2021-01-29,'300750,宁德时代,354.11,377.0,342.56,376.01,369.9,-15.79,-4.2687,2.2356,27601326,9896345998.55,824890048055.0,437197619687.0,112586
294,2021-01-28,'300750,宁德时代,369.9,383.01,368.0,380.0,390.52,-20.62,-5.2801,1.4727,18182027,6792412556.18,861672442957.0,456692551812.0,80924
295,2021-01-27,'300750,宁德时代,390.52,393.2,372.0,392.0,385.5,5.02,1.3022,1.2019,14838511,5705898439.04,909706197415.0,482150784898.0,66516
296,2021-01-26,'300750,宁德时代,385.5,396.81,383.76,396.81,396.95,-11.45,-2.8845,1.2234,15104374,5853513769.95,898012237794.0,475952902740.0,68103
297,2021-01-25,'300750,宁德时代,396.95,418.34,392.34,406.3,408.0,-11.05,-2.7083,1.761,21741425,8762929073.74,924684715415.0,490089506466.0,99620
298,2021-01-22,'300750,宁德时代,408.0,410.28,391.5,391.5,391.3,16.7,4.2678,1.5425,19044156,7637563994.44,950425403424.0,503732255040.0,82326
299,2021-01-21,'300750,宁德时代,391.3,399.0,380.0,387.0,391.4,-0.1,-0.0255,1.4157,17479166,6831720356.62,911523187156.0,483113802444.0,80396
300,2021-01-20,'300750,宁德时代,391.4,393.38,370.91,373.8,366.11,25.29,6.9078,1.7286,21341613,8254525726.97,911756134559.0,483237266232.0,91457
301,2021-01-19,'300750,宁德时代,366.11,386.0,364.55,384.0,383.9,-17.79,-4.634,1.3191,16286661,6085692761.11,852843736391.0,452013274247.0,77347
302,2021-01-18,'300750,宁德时代,383.9,391.8,375.77,376.74,380.55,3.35,0.8803,1.1502,14201178,5471186934.28,894285079349.0,473977482132.0,66058
303,2021-01-15,'300750,宁德时代,380.55,383.98,365.0,367.99,369.01,11.54,3.1273,1.6056,19822928,7439894398.97,886481341355.0,469841445234.0,86612
304,2021-01-14,'300750,宁德时代,369.01,384.0,368.02,375.2,385.0,-15.99,-4.1532,1.588,19606569,7315308913.46,859599211072.0,455593724099.0,92503
305,2021-01-13,'300750,宁德时代,385.0,410.5,372.98,400.0,401.17,-16.17,-4.0307,2.2081,27261967,10634079156.7,896847500780.0,475335583800.0,124059
306,2021-01-12,'300750,宁德时代,401.17,404.4,380.0,385.5,390.0,11.17,2.8641,1.3413,16559671,6519876504.75,934515095813.0,495299678320.0,83802
307,2021-01-11,'300750,宁德时代,390.0,409.88,386.0,409.88,404.5,-14.5,-3.5847,1.8633,23005038,9098694885.58,908494870920.0,481508773200.0,101410
308,2021-01-08,'300750,宁德时代,404.5,424.99,397.4,419.0,413.23,-8.73,-2.1126,1.7014,21006685,8534719468.52,942272244326.0,499411022460.0,84285
309,2021-01-07,'300750,宁德时代,413.23,415.0,396.88,400.99,406.77,6.46,1.5881,1.4085,17389487,7064219721.54,962608552590.0,510189411152.0,74070
310,2021-01-06,'300750,宁德时代,406.77,416.0,391.01,408.0,402.0,4.77,1.1866,1.512,18668114,7476239865.78,947560150370.0,502213650448.0,81977
311,2021-01-05,'300750,宁德时代,402.0,403.8,386.01,395.0,404.1,-2.1,-0.5197,1.8423,22745201,9014539649.19,936448559256.0,496324427760.0,95409
312,2021-01-04,'300750,宁德时代,404.1,411.11,358.1,358.1,351.11,52.99,15.0921,1.8208,22480807,8687099006.98,941340454715.0,498917167308.0,86575
313,2020-12-31,'300750,宁德时代,351.11,353.9,341.71,344.98,340.0,11.11,3.2676,1.2312,15200521,5283669711.79,817901625971.0,433493706047.0,62887
314,2020-12-30,'300750,宁德时代,340.0,347.94,320.0,320.0,308.0,32.0,10.3896,1.8533,22881682,7648664797.97,792021169520.0,419776879200.0,82001
315,2020-12-29,'300750,宁德时代,308.0,318.8,303.38,316.79,316.78,-8.78,-2.7716,0.9861,12174791,3759197905.48,717478000624.0,380268467040.0,50116
316,2020-12-28,'300750,宁德时代,316.78,320.0,311.0,315.2,312.79,3.99,1.2756,0.9698,11973062,3782275235.68,737930782590.0,391108587626.0,42796
317,2020-12-25,'300750,宁德时代,312.79,315.2,306.01,309.0,311.0,1.79,0.5756,0.7727,9539934,2967552613.6,728636181218.0,386182382485.0,37558
318,2020-12-24,'300750,宁德时代,311.0,318.66,308.5,317.0,318.0,-7.0,-2.2013,0.7677,9478596,2959419425.07,724466422708.0,383972380680.0,39568
319,2020-12-23,'300750,宁德时代,318.0,329.3,307.18,313.67,313.64,4.36,1.3901,1.4085,17390320,5538718908.38,740772740904.0,392614845840.0,67927
320,2020-12-22,'300750,宁德时代,313.64,330.33,311.7,319.99,325.0,-11.36,-3.4954,1.3667,16874400,5377597576.03,730616234142.0,387231824683.0,65075
321,2020-12-21,'300750,宁德时代,325.0,325.0,293.3,296.75,289.99,35.01,12.0728,1.6046,19810397,6099782514.53,757079059100.0,401257311000.0,66033
322,2020-12-18,'300750,宁德时代,289.99,292.95,283.22,285.5,284.81,5.18,1.8188,0.7705,9512618,2747669766.85,675524173380.0,358032638821.0,37881
323,2020-12-17,'300750,宁德时代,284.81,287.8,282.01,284.2,286.06,-1.25,-0.437,0.7138,8812326,2508931372.63,663457497915.0,351637214603.0,35329
324,2020-12-16,'300750,宁德时代,286.06,286.3,277.0,280.2,278.5,7.56,2.7145,1.1573,14288803,4031211462.83,666369340450.0,353180511953.0,51692
325,2020-12-15,'300750,宁德时代,278.5,279.37,264.45,268.0,266.0,12.5,4.6992,1.4402,17781261,4843902027.0,648758516798.0,343846649580.0,61952
326,2020-12-14,'300750,宁德时代,266.0,268.73,262.1,266.57,266.56,-0.56,-0.2101,0.8686,10724116,2853628548.55,619640091448.0,328413676080.0,35413
327,2020-12-11,'300750,宁德时代,266.56,267.52,261.7,263.31,264.82,1.74,0.6571,1.0443,12893673,3422455576.52,620944596904.0,329105073293.0,39806
328,2020-12-10,'300750,宁德时代,264.82,267.5,259.0,263.15,266.0,-1.18,-0.4436,0.8088,9985664,2632528799.1,616891312095.0,326956803382.0,40123
329,2020-12-09,'300750,宁德时代,266.0,272.6,262.08,268.73,266.03,-0.03,-0.0113,1.2444,15363649,4118082968.01,619640091448.0,328413676080.0,52513
330,2020-12-08,'300750,宁德时代,266.03,269.89,264.5,265.5,261.46,4.57,1.7479,0.9425,11636158,3104188969.87,619709975669.0,328450715216.0,46319
331,2020-12-07,'300750,宁德时代,261.46,264.83,250.9,250.9,249.72,11.74,4.7013,1.3861,17112954,4455396830.01,609064279361.0,322808420105.0,59367
332,2020-12-04,'300750,宁德时代,249.72,251.3,244.35,245.06,245.99,3.73,1.5163,0.7479,9233784,2301628558.31,581716254272.0,308313771394.0,38034
333,2020-12-03,'300750,宁德时代,245.99,246.97,238.37,243.69,243.69,2.3,0.9438,0.8657,10688561,2599398532.04,573027316148.0,303708572101.0,43801
334,2020-12-02,'300750,宁德时代,243.69,246.0,236.6,246.0,246.17,-2.48,-1.0074,0.9691,11965310,2878299332.58,567669525883.0,300868904977.0,47732
335,2020-12-01,'300750,宁德时代,246.17,246.65,238.0,238.8,242.8,3.37,1.388,0.7688,9491971,2313881357.96,573446621473.0,303930806920.0,37411
336,2020-11-30,'300750,宁德时代,242.8,244.0,234.02,244.0,242.0,0.8,0.3306,1.0259,12666236,3027343940.04,565596293998.0,299770077264.0,48724
337,2020-11-27,'300750,宁德时代,242.0,248.77,238.0,245.42,245.34,-3.34,-1.3614,0.6831,8433221,2042276835.53,563732714776.0,298782366960.0,36000
338,2020-11-26,'300750,宁德时代,245.34,246.6,239.2,246.6,246.22,-0.88,-0.3574,0.6989,8629485,2093179753.54,571513158030.0,302906057479.0,36097
339,2020-11-25,'300750,宁德时代,246.22,256.88,244.4,256.6,254.7,-8.48,-3.3294,0.9484,11709894,2919290534.92,573563095174.0,303992538814.0,50402
340,2020-11-24,'300750,宁德时代,254.7,259.1,250.01,258.0,253.0,1.7,0.6719,0.7931,9791966,2493964413.57,593317034932.0,314462268036.0,41594
341,2020-11-23,'300750,宁德时代,253.0,259.7,250.1,252.08,252.08,0.92,0.365,0.9793,12091293,3074248590.11,589356929084.0,312363383640.0,51854
342,2020-11-20,'300750,宁德时代,252.08,253.6,244.48,244.49,242.1,9.98,4.1223,0.9965,12303462,3074188105.81,587213812978.0,311227516790.0,60147
343,2020-11-19,'300750,宁德时代,242.1,243.55,237.11,241.01,240.5,1.6,0.6653,0.7904,9758010,2347767353.96,563965662179.0,298905830748.0,42473
344,2020-11-18,'300750,宁德时代,240.5,252.06,236.82,250.12,250.68,-10.18,-4.061,1.5619,19283321,4666571941.18,560238503734.0,296930410140.0,84507
345,2020-11-17,'300750,宁德时代,250.68,260.0,246.5,257.3,254.9,-4.22,-1.6556,1.1076,13674853,3446644846.06,583952549339.0,309499023758.0,58886
346,2020-11-16,'300750,宁德时代,254.9,257.7,247.43,253.89,253.21,1.69,0.6674,0.9972,12312065,3117461904.91,593782929737.0,314709195612.0,49347
347,2020-11-13,'300750,宁德时代,253.21,260.77,253.0,258.12,254.25,-1.04,-0.409,0.9215,11377678,2916695926.72,589846118630.0,312622657595.0,44721
348,2020-11-12,'300750,宁德时代,254.25,260.0,252.58,260.0,250.84,3.41,1.3594,0.787,9716864,2484194228.51,592268771619.0,313906680990.0,43707
349,2020-11-11,'300750,宁德时代,250.84,267.48,250.84,264.11,265.92,-15.08,-5.6709,1.2764,15758398,4067832842.2,584325265184.0,309696565819.0,63751
350,2020-11-10,'300750,宁德时代,265.92,271.88,255.55,265.32,266.43,-0.51,-0.1914,1.1678,14417544,3798315741.0,619453733526.0,328314905050.0,55155
351,2020-11-09,'300750,宁德时代,266.43,272.9,261.1,268.0,263.5,2.93,1.112,1.0715,13228570,3519918484.63,620641765280.0,328944570368.0,51134
352,2020-11-06,'300750,宁德时代,263.5,275.23,260.0,271.38,268.5,-5.0,-1.8622,1.2683,15658385,4181642685.96,613816406378.0,325327081380.0,56944
353,2020-11-05,'300750,宁德时代,268.5,268.5,260.96,261.0,255.55,12.95,5.0675,1.2794,15795924,4183384889.78,625463776518.0,331500270780.0,55329
354,2020-11-04,'300750,宁德时代,255.55,260.0,250.0,255.0,256.02,-0.47,-0.1836,0.8959,11061672,2823450164.92,595297087855.0,315511710234.0,44402
355,2020-11-03,'300750,宁德时代,256.02,260.0,247.18,260.0,260.14,-4.12,-1.5838,1.4949,18456665,4678655503.43,596391940649.0,316091990038.0,60998
356,2020-11-02,'300750,宁德时代,260.14,265.5,244.51,247.0,247.17,12.97,5.2474,1.5345,18946131,4851443507.78,605989373644.0,321178698103.0,67381
357,2020-10-30,'300750,宁德时代,247.17,256.6,238.3,241.02,240.0,7.17,2.9875,1.8596,22958747,5697363353.32,575776095501.0,305165444800.0,78424
358,2020-10-29,'300750,宁德时代,240.0,244.02,232.32,237.02,240.26,-0.26,-0.1082,1.4122,17435230,4141992876.83,559073766720.0,296313091200.0,65464
359,2020-10-28,'300750,宁德时代,240.26,245.47,226.66,227.65,237.21,3.05,1.2858,1.8156,22415826,5333295829.78,559679429967.0,296634097049.0,68722
360,2020-10-27,'300750,宁德时代,237.21,238.7,232.0,235.0,233.15,4.06,1.7414,0.7372,9101539,2142729170.59,552574534182.0,292868451515.0,38957
361,2020-10-26,'300750,宁德时代,233.15,233.63,219.33,225.97,225.0,8.15,3.6222,0.875,10802773,2483444489.13,543116869628.0,287855821722.0,38791
362,2020-10-23,'300750,宁德时代,225.0,238.76,224.45,232.51,231.88,-6.88,-2.9671,0.939,11593811,2675565182.5,524131656300.0,277793523000.0,42745
363,2020-10-22,'300750,宁德时代,231.88,233.8,227.0,230.2,232.33,-0.45,-0.1937,0.7334,9055157,2083319770.78,540158437613.0,286287831614.0,36229
364,2020-10-21,'300750,宁德时代,232.33,240.63,227.68,240.06,241.6,-9.27,-3.8369,1.3095,16167925,3765707374.23,541206700925.0,286843418660.0,64380
365,2020-10-20,'300750,宁德时代,241.6,241.6,228.94,230.63,229.41,12.19,5.3136,1.1013,13596634,3215157955.21,562800925165.0,298288511808.0,54513
366,2020-10-19,'300750,宁德时代,229.41,236.1,228.0,231.33,228.1,1.31,0.5743,1.0531,13002499,3013473695.51,534404636763.0,283238276051.0,49481
367,2020-10-16,'300750,宁德时代,228.1,240.0,224.31,239.5,238.6,-10.5,-4.4007,1.6445,20304062,4680601973.53,531353025787.0,281620900428.0,75556
368,2020-10-15,'300750,宁德时代,238.6,244.1,237.0,241.11,237.3,1.3,0.5478,0.8062,9953526,2390083998.42,555812503081.0,294584598168.0,41785
369,2020-10-14,'300750,宁德时代,237.3,244.0,234.8,237.0,235.67,1.63,0.6916,1.1153,13770183,3291861335.66,552784186844.0,292979568924.0,55083
370,2020-10-13,'300750,宁德时代,235.67,238.58,229.0,234.88,234.78,0.89,0.3791,0.8704,10746666,2516817784.32,548987144179.0,290967109180.0,37608
371,2020-10-12,'300750,宁德时代,234.78,235.0,227.3,228.0,224.87,9.91,4.407,1.5339,18938222,4398493906.52,546913912294.0,289868281466.0,57986
372,2020-10-09,'300750,宁德时代,224.87,228.88,219.77,219.99,209.2,15.67,7.4904,1.9406,23959241,5376329911.32,523828824676.0,277633020076.0,73268
373,2020-09-30,'300750,宁德时代,209.2,211.01,203.8,205.3,204.99,4.21,2.0538,1.2952,15990837,3336273480.53,487325966658.0,258286244496.0,53659
374,2020-09-29,'300750,宁德时代,204.99,206.25,195.43,195.49,192.91,12.08,6.262,1.6396,20243551,4072131575.31,477518881000.0,253088419021.0,71387
375,2020-09-28,'300750,宁德时代,192.91,196.95,191.81,193.45,191.5,1.41,0.7363,0.6669,8233195,1600223953.99,449378834741.0,238173993431.0,33715
376,2020-09-25,'300750,宁德时代,191.5,194.7,190.59,193.6,190.82,0.68,0.3564,0.5509,6801208,1308079227.28,446094276362.0,236433154020.0,27504
377,2020-09-24,'300750,宁德时代,190.82,195.8,190.11,193.65,197.0,-6.18,-3.1371,0.8641,10668028,2053506543.55,444510234023.0,235593600262.0,43193
378,2020-09-23,'300750,宁德时代,197.0,199.82,191.1,199.6,200.5,-3.5,-1.7456,1.2771,15719429,3068479262.24,458906383516.0,242473621108.0,56247
379,2020-09-22,'300750,宁德时代,200.5,204.2,197.93,200.0,197.93,2.57,1.2984,1.0025,12339378,2486477010.97,467059542614.0,246781528082.0,47158
380,2020-09-21,'300750,宁德时代,197.93,208.0,196.86,201.9,198.03,-0.1,-0.0505,1.3055,16068319,3253235561.82,461072794362.0,243618293533.0,49056
381,2020-09-18,'300750,宁德时代,198.03,200.0,195.23,198.91,198.4,-0.37,-0.1865,0.8607,10548691,2089777817.1,461305741765.0,242703406701.0,37683
382,2020-09-17,'300750,宁德时代,198.4,201.95,191.0,192.24,192.26,6.14,3.1936,1.4794,18130771,3567477518.32,462167647155.0,243156874662.0,58397
383,2020-09-16,'300750,宁德时代,192.26,196.9,190.5,196.79,194.7,-2.44,-1.2532,0.9659,11837864,2289962853.4,447864676623.0,235631757674.0,47104
384,2020-09-15,'300750,宁德时代,194.7,197.0,192.82,195.5,192.78,1.92,0.996,0.9549,11703665,2283119874.78,453548593252.0,238622195044.0,39872
385,2020-09-14,'300750,宁德时代,192.78,194.98,190.0,190.5,187.3,5.48,2.9258,1.1659,14289637,2755344741.23,449076003118.0,236269063999.0,53328
386,2020-09-11,'300750,宁德时代,187.3,189.3,183.35,186.0,184.96,2.34,1.2651,0.9599,11765001,2188559588.65,436310485444.0,229552835808.0,40260
387,2020-09-10,'300750,宁德时代,184.96,189.5,184.5,185.0,184.32,0.64,0.3472,1.2097,14826421,2775741169.21,430859516219.0,226684957347.0,51405
388,2020-09-09,'300750,宁德时代,184.32,187.5,177.99,179.0,186.9,-2.58,-1.3804,1.5449,18934368,3444737254.9,429368652841.0,225900580332.0,68739
389,2020-09-08,'300750,宁德时代,186.9,188.0,179.51,185.0,186.4,0.5,0.2682,1.801,22073272,4063178479.39,435378695833.0,229062600173.0,86205
390,2020-09-07,'300750,宁德时代,186.4,204.85,180.0,202.9,204.26,-17.86,-8.7438,3.6545,44789699,8540774209.68,434213958819.0,228449805630.0,149217
391,2020-09-04,'300750,宁德时代,204.26,205.66,200.58,202.22,209.9,-5.64,-2.687,1.2054,14773663,2993649066.28,475818364959.0,250338826706.0,55094
392,2020-09-03,'300750,宁德时代,209.9,211.0,205.89,210.0,211.31,-1.41,-0.6673,1.0161,12452889,2600401902.48,488956598477.0,257251149151.0,46133
393,2020-09-02,'300750,宁德时代,211.31,214.13,208.0,213.36,214.25,-2.94,-1.3722,1.192,14608611,3084140607.86,492241156857.0,258979229763.0,56346
394,2020-09-01,'300750,宁德时代,214.25,215.0,205.01,206.5,206.35,7.9,3.8284,1.6087,19716189,4175644975.0,499089810499.0,262582461676.0,73106
395,2020-08-31,'300750,宁德时代,206.35,210.76,205.01,209.66,208.3,-1.95,-0.9361,1.1027,13514481,2797718777.33,480686965678.0,252900307896.0,50344
396,2020-08-28,'300750,宁德时代,208.3,209.5,203.68,206.32,204.95,3.35,1.6345,1.3844,16967122,3510925235.07,485229440032.0,255290206614.0,62386
397,2020-08-27,'300750,宁德时代,204.95,208.5,199.0,202.5,194.4,10.55,5.427,2.3171,28397772,5799779573.06,477425702039.0,251184483176.0,99912
398,2020-08-26,'300750,宁德时代,194.4,199.98,192.94,199.01,199.92,-5.52,-2.7611,1.2435,15240258,2985718224.08,452849751043.0,238254518318.0,59964
399,2020-08-25,'300750,宁德时代,199.92,206.0,198.96,202.01,202.01,-2.09,-1.0346,1.1871,14549072,2935647680.18,465708447678.0,245019770073.0,58406
400,2020-08-24,'300750,宁德时代,202.01,208.0,192.24,194.2,192.23,9.78,5.0877,2.1057,25806984,5156579057.63,470577048396.0,247581251263.0,93688
401,2020-08-21,'300750,宁德时代,192.23,193.94,190.0,191.36,188.42,3.81,2.0221,1.1958,14655272,2815939720.4,447794792402.0,235594990002.0,55156
402,2020-08-20,'300750,宁德时代,188.42,191.0,185.0,187.0,190.19,-1.77,-0.9306,1.0624,13020138,2444311254.49,438919496356.0,230925495584.0,51057
403,2020-08-19,'300750,宁德时代,190.19,197.8,190.0,197.8,199.28,-9.09,-4.5614,1.527,18714680,3610137183.17,443042665385.0,233094788266.0,78320
404,2020-08-18,'300750,宁德时代,199.28,205.0,195.88,199.6,196.62,2.66,1.3529,1.805,22122398,4415130040.55,464217584300.0,244235393058.0,84693
405,2020-08-17,'300750,宁德时代,196.62,200.37,194.2,200.0,200.37,-3.75,-1.8715,1.608,19707410,3866925434.64,458021183385.0,240975326089.0,76875
406,2020-08-14,'300750,宁德时代,200.37,200.45,195.99,197.7,195.99,4.38,2.2348,0.9767,11970002,2373752130.69,466756710990.0,245571285162.0,46422
407,2020-08-13,'300750,宁德时代,195.99,201.98,194.47,200.8,195.73,0.26,0.1328,1.0657,13061210,2581164116.91,456553614748.0,240203204965.0,50210
408,2020-08-12,'300750,宁德时代,195.73,200.26,188.2,199.9,198.42,-2.69,-1.3557,2.0621,25272741,4855191798.76,455947951500.0,239884551803.0,87413
409,2020-08-11,'300750,宁德时代,198.42,204.6,198.13,200.75,200.68,-2.26,-1.1262,0.9981,12233213,2468198212.59,462214236636.0,243181386444.0,49702
410,2020-08-10,'300750,宁德时代,200.68,205.3,198.08,204.2,204.29,-3.61,-1.7671,1.0671,13078744,2629646475.41,467478847939.0,245951217778.0,54648
411,2020-08-07,'300750,宁德时代,204.29,214.3,202.11,209.0,211.5,-7.21,-3.409,1.4732,18055246,3733669851.51,475888249180.0,250375594379.0,64192
412,2020-08-06,'300750,宁德时代,211.5,217.88,208.0,216.88,210.35,1.15,0.5467,1.1885,14565688,3082282259.6,492683756922.0,259212091689.0,51419
413,2020-08-05,'300750,宁德时代,210.35,212.8,206.55,210.74,210.69,-0.34,-0.1614,1.0387,12730060,2664523682.85,490004861790.0,257802664240.0,48278
414,2020-08-04,'300750,宁德时代,210.69,222.98,210.32,214.3,215.6,-4.91,-2.2774,1.6284,19958062,4309494880.36,490796882959.0,258219364529.0,68719
415,2020-08-03,'300750,宁德时代,215.6,215.8,210.05,213.88,212.17,3.43,1.6166,1.2326,15106133,3216865097.64,502234600437.0,264237006942.0,53570
416,2020-07-31,'300750,宁德时代,212.17,215.3,205.5,206.0,205.35,6.82,3.3212,1.6894,20704980,4378422256.04,494244504521.0,260033236377.0,65782
417,2020-07-30,'300750,宁德时代,205.35,206.98,202.4,205.0,204.18,1.17,0.573,1.1711,14353072,2944644012.9,453230814723.0,251674718810.0,50213
418,2020-07-29,'300750,宁德时代,204.18,205.0,195.27,197.52,197.52,6.66,3.3718,1.5502,18998583,3844683433.85,450648491600.0,250240779579.0,70367
419,2020-07-28,'300750,宁德时代,197.52,200.5,195.51,196.05,191.3,6.22,3.2514,1.644,20148990,3988264848.14,435949113826.0,242078356267.0,68865
420,2020-07-27,'300750,宁德时代,191.3,200.98,189.99,198.0,198.68,-7.38,-3.7145,2.0525,25155581,4870628815.6,422220866114.0,234455192152.0,81998
421,2020-07-24,'300750,宁德时代,198.68,209.9,195.85,209.0,213.5,-14.82,-6.9415,2.8067,34398314,6943402672.18,438509365810.0,243500039606.0,115949
422,2020-07-23,'300750,宁德时代,213.5,215.51,206.0,207.0,207.89,5.61,2.6985,2.088,25589954,5395410864.95,471218792030.0,261663269861.0,82573
423,2020-07-22,'300750,宁德时代,207.89,211.19,203.03,205.0,207.0,0.89,0.43,1.5638,19165779,3992449598.59,458836883724.0,254787715089.0,67782
424,2020-07-21,'300750,宁德时代,207.0,209.99,203.0,209.99,205.3,1.7,0.8281,1.5223,18656592,3855792321.1,456872552460.0,253696940802.0,57949
425,2020-07-20,'300750,宁德时代,205.3,211.11,199.09,204.09,195.7,9.6,4.9055,2.3662,28999908,5919664189.96,453120459034.0,251613439356.0,82446
426,2020-07-17,'300750,宁德时代,195.7,201.18,188.08,197.01,196.77,-1.07,-0.5438,2.4787,30378591,5903627257.05,431932166746.0,239847784130.0,92356
427,2020-07-16,'300750,宁德时代,196.77,212.88,196.4,208.0,207.03,-10.26,-4.9558,2.2238,27254968,5596500616.35,434293778491.0,241159164452.0,81882
428,2020-07-15,'300750,宁德时代,207.03,220.57,202.11,219.0,215.95,-8.92,-4.1306,2.2385,27435061,5785551114.4,456938765873.0,253733708475.0,86810
429,2020-07-14,'300750,宁德时代,215.95,220.7,208.86,214.0,224.11,-8.16,-3.6411,2.7195,33329626,7129824248.0,476626220791.0,264665963122.0,103656
430,2020-07-13,'300750,宁德时代,224.11,224.29,211.6,211.6,203.9,20.21,9.9117,2.4745,30326879,6609862260.42,494636269236.0,274666770063.0,86271
431,2020-07-10,'300750,宁德时代,203.9,207.16,200.6,202.98,205.02,-1.12,-0.5463,1.3732,16829333,3436550911.7,450030499742.0,249897614635.0,53560
432,2020-07-09,'300750,宁德时代,205.02,206.77,196.0,197.0,197.57,7.45,3.7708,2.2767,27903552,5622121400.97,452502467176.0,251270274412.0,67801
433,2020-07-08,'300750,宁德时代,197.57,198.82,189.98,197.99,195.58,1.99,1.0175,2.3572,28889036,5645451323.93,436059469515.0,242139635721.0,74668
434,2020-07-07,'300750,宁德时代,195.58,195.58,187.5,188.0,177.8,17.78,10.0,2.0692,25360423,4915716571.73,431667313092.0,239700713440.0,44729
435,2020-07-06,'300750,宁德时代,177.8,180.0,167.59,168.2,167.6,10.2,6.0859,2.5062,30715268,5324573165.34,392424830084.0,217909739491.0,86523
436,2020-07-03,'300750,宁德时代,167.6,170.74,167.03,170.0,167.2,0.4,0.2392,1.9604,24026447,4054240060.76,369912269528.0,205408730814.0,69943
437,2020-07-02,'300750,宁德时代,167.2,172.18,164.51,172.0,169.4,-2.2,-1.2987,2.2069,27047963,4535545521.62,369029424016.0,204918495179.0,84850
438,2020-07-01,'300750,宁德时代,169.4,181.9,167.88,178.5,174.36,-4.96,-2.8447,2.3383,28657478,4991087872.76,373885074332.0,207614791168.0,82144
439,2020-06-30,'300750,宁德时代,174.36,179.47,173.0,173.0,171.04,3.32,1.9411,1.326,16251433,2849476587.99,384832358681.0,213693713035.0,52947
440,2020-06-29,'300750,宁德时代,171.04,172.5,169.01,170.5,171.5,-0.46,-0.2682,0.9468,11604049,1980641413.04,377504740931.0,209624757269.0,41706
441,2020-06-24,'300750,宁德时代,171.5,173.58,169.3,170.52,168.89,2.61,1.5454,1.2191,14660407,2515400581.42,378520013270.0,206244101136.0,44021
442,2020-06-23,'300750,宁德时代,168.89,169.13,163.52,166.0,165.0,3.89,2.3576,1.3261,15947506,2662217150.98,372759446304.0,203105342513.0,45010
443,2020-06-22,'300750,宁德时代,165.0,171.3,164.5,165.75,165.9,-0.9,-0.5425,1.5834,19041226,3191062036.87,364173773700.0,198427269315.0,58511
444,2020-06-19,'300750,宁德时代,165.9,168.8,159.15,159.98,158.95,6.95,4.3724,2.0805,25019327,4137793351.67,366160176102.0,199509599875.0,73359
445,2020-06-18,'300750,宁德时代,158.95,159.57,156.0,157.8,157.8,1.15,0.7288,0.803,9656214,1526258395.54,350820735331.0,191151602773.0,34342
446,2020-06-17,'300750,宁德时代,157.8,160.5,156.01,159.04,160.0,-2.2,-1.375,1.0418,12529134,1973464261.58,348282554484.0,189768624836.0,45880
447,2020-06-16,'300750,宁德时代,160.0,163.28,158.01,161.0,157.7,2.3,1.4585,1.0918,13129741,2107390563.22,353138204800.0,192414321760.0,44181
448,2020-06-15,'300750,宁德时代,157.7,161.26,155.51,156.23,159.3,-1.6,-1.0044,1.3259,15945246,2526289032.82,348061843106.0,189648365885.0,48381
449,2020-06-12,'300750,宁德时代,159.3,162.5,158.88,160.18,163.98,-4.68,-2.854,2.0992,25244551,4038133987.39,351593225154.0,191572509102.0,81681
450,2020-06-11,'300750,宁德时代,163.98,170.08,158.13,160.0,156.68,7.3,4.6592,3.0615,36817709,6056179350.39,361922517644.0,197200628014.0,112332
451,2020-06-10,'300750,宁德时代,156.68,159.9,153.5,159.9,153.96,2.72,1.7667,1.6482,19821016,3097487314.6,345810587050.0,188421724583.0,61550
452,2020-06-09,'300750,宁德时代,153.96,155.97,153.1,154.5,151.4,2.56,1.6909,1.2531,15069925,2325730459.86,339807237569.0,185150681114.0,47797
453,2020-06-08,'300750,宁德时代,151.4,154.55,150.46,153.74,151.2,0.2,0.1323,0.8781,10560379,1605995418.59,334157026292.0,182072051965.0,34284
454,2020-06-05,'300750,宁德时代,151.2,151.35,147.26,149.55,150.0,1.2,0.8,0.8201,9862700,1475831340.87,333715603536.0,181831534063.0,35048
455,2020-06-04,'300750,宁德时代,150.0,154.13,148.6,149.8,148.28,1.72,1.16,1.144,13757396,2082248431.57,331067067000.0,180388426650.0,43887
456,2020-06-03,'300750,宁德时代,148.5,151.12,147.81,150.0,149.46,-0.96,-0.6423,0.9449,11363532,1693882301.33,327756396330.0,178584542384.0,37484
457,2020-06-02,'300750,宁德时代,149.46,154.89,146.98,154.0,150.95,-1.49,-0.9871,1.1395,13703028,2055312032.79,329875225559.0,179739028314.0,46368
458,2020-06-01,'300750,宁德时代,150.95,153.03,146.36,147.47,145.53,5.42,3.7243,1.262,15176562,2284037537.37,333163825091.0,181530886685.0,47997
459,2020-05-29,'300750,宁德时代,145.53,147.83,144.5,147.0,147.84,-2.31,-1.5625,1.176,14142791,2060033605.24,321201268403.0,175012851536.0,35702
460,2020-05-28,'300750,宁德时代,147.84,150.9,143.5,149.99,151.5,-3.66,-2.4158,1.4489,17424709,2553996974.35,326299701235.0,177790833306.0,53675
461,2020-05-27,'300750,宁德时代,151.5,155.0,149.9,149.96,150.03,1.47,0.9798,1.5055,18104917,2763780108.47,334377737670.0,182192310916.0,51612
462,2020-05-26,'300750,宁德时代,150.03,150.41,145.2,145.77,144.3,5.73,3.9709,1.4541,17486531,2596292602.28,331133280413.0,180424504335.0,56514
463,2020-05-25,'300750,宁德时代,144.3,144.41,140.55,142.68,142.81,1.49,1.0433,0.863,10378205,1482241104.43,318672076710.0,173533666437.0,35824
464,2020-05-22,'300750,宁德时代,142.81,146.86,141.0,146.62,147.46,-4.65,-3.1534,1.2321,14817295,2127136883.11,315381561157.0,171741808066.0,48905
465,2020-05-21,'300750,宁德时代,147.46,153.55,146.58,151.81,149.3,-1.84,-1.2324,1.2879,15487607,2328717775.5,325650619762.0,177333849292.0,50046
466,2020-05-20,'300750,宁德时代,149.3,155.4,149.01,150.0,143.26,6.04,4.2161,2.7415,32969279,5027432242.27,329714075210.0,179546613992.0,88734
467,2020-05-19,'300750,宁德时代,143.26,145.8,142.52,143.2,141.81,1.45,1.0225,0.8669,10425183,1499320586.04,316375341022.0,172282973346.0,36640
468,2020-05-18,'300750,宁德时代,141.81,145.0,139.69,145.0,145.48,-3.67,-2.5227,1.3379,16088936,2287442333.56,313173161457.0,170539218555.0,53539
469,2020-05-15,'300750,宁德时代,145.48,147.69,138.96,139.94,135.6,9.88,7.2861,2.6786,32212118,4605864489.38,321277988356.0,174952722060.0,93522
470,2020-05-14,'300750,宁德时代,135.6,138.25,135.5,137.85,138.26,-2.66,-1.9239,0.9507,11433488,1560698259.49,299458999320.0,163071137692.0,38113
471,2020-05-13,'300750,宁德时代,138.26,139.65,136.88,137.33,139.0,-0.74,-0.5324,1.0107,12154242,1678255895.36,305333342522.0,166270025791.0,35686
472,2020-05-12,'300750,宁德时代,139.0,139.88,135.73,139.06,137.62,1.38,1.0028,1.3328,16027660,2208624438.51,306967558300.0,167159942029.0,50025
473,2020-05-11,'300750,宁德时代,137.62,145.98,135.06,144.2,144.08,-6.46,-4.4836,2.3729,28536431,3959234289.15,303919966714.0,165500368504.0,88965
474,2020-05-08,'300750,宁德时代,144.08,145.22,140.89,143.0,143.2,0.88,0.6145,1.1753,14133880,2024998124.84,318186228776.0,173269096745.0,41885
475,2020-05-07,'300750,宁德时代,143.2,147.2,141.0,146.3,145.79,-2.59,-1.7765,1.337,16078680,2302059541.33,316242837040.0,172210817975.0,48254
476,2020-05-06,'300750,宁德时代,145.79,146.8,138.75,139.0,144.38,1.41,0.9766,1.5921,19146391,2769607852.49,321962592263.0,175325524809.0,49330
477,2020-04-30,'300750,宁德时代,144.38,148.51,144.0,144.0,138.72,5.66,4.0802,1.9407,23338521,3409837973.13,318848748686.0,173629873598.0,57975
478,2020-04-29,'300750,宁德时代,138.72,140.19,136.01,136.13,138.3,0.42,0.3037,0.9941,11954408,1659513004.42,306349206384.0,166823216966.0,34098
479,2020-04-28,'300750,宁德时代,138.3,140.1,131.62,137.0,133.91,4.39,3.2783,1.8869,22691656,3115997363.13,305421678510.0,166318129371.0,67571
480,2020-04-27,'300750,宁德时代,133.91,136.0,132.08,133.02,131.69,2.22,1.6858,1.1945,14365453,1933994988.8,295726803827.0,161038761418.0,41921
481,2020-04-24,'300750,宁德时代,131.69,136.0,130.0,130.0,129.9,1.79,1.378,1.4129,16991648,2263542699.21,290824156493.0,158369012704.0,54082
482,2020-04-23,'300750,宁德时代,129.9,132.9,128.6,132.9,130.85,-0.95,-0.726,1.0426,12537857,1635621701.89,286871121030.0,156216377479.0,35865
483,2020-04-22,'300750,宁德时代,130.85,132.3,127.3,127.33,130.52,0.33,0.2528,1.2213,14686885,1904011483.11,288969100745.0,157358837514.0,43804
484,2020-04-21,'300750,宁德时代,130.52,132.86,127.0,131.99,134.51,-3.99,-2.9663,1.6125,19391746,2519303194.69,288240328844.0,156961982976.0,59667
485,2020-04-20,'300750,宁德时代,134.51,136.75,131.88,136.4,136.95,-2.44,-1.7817,1.555,18700233,2507578389.91,297051843647.0,161760315125.0,60299
486,2020-04-17,'300750,宁德时代,136.95,140.58,135.1,136.08,132.95,4.0,3.0086,2.4324,29252182,4024198915.36,302440338915.0,164694633531.0,83903
487,2020-04-16,'300750,宁德时代,132.95,133.71,126.82,128.27,128.0,4.95,3.8672,1.7993,21638110,2835377036.98,293606740115.0,159884275487.0,66505
488,2020-04-15,'300750,宁德时代,128.0,131.89,127.23,129.8,126.16,1.84,1.4585,2.7079,32564492,4226641423.33,282675161600.0,153931457408.0,75268
489,2020-04-14,'300750,宁德时代,126.16,126.16,117.5,118.0,114.69,11.47,10.0009,3.2342,38893873,4803638073.83,278611706152.0,151718692708.0,96741
490,2020-04-13,'300750,宁德时代,114.69,116.99,113.08,114.9,118.46,-3.77,-3.1825,1.0359,12458136,1432291941.7,253281361593.0,137924991017.0,35347
491,2020-04-10,'300750,宁德时代,118.46,123.07,117.93,121.15,120.21,-1.75,-1.4558,1.2115,14569554,1748457124.11,261607028462.0,142458753473.0,41007
492,2020-04-09,'300750,宁德时代,120.21,124.48,119.81,123.98,123.0,-2.79,-2.2683,1.3349,16052778,1944405072.93,265471727937.0,144563285117.0,48291
493,2020-04-08,'300750,宁德时代,123.0,125.49,122.6,123.9,124.7,-1.7,-1.3633,0.9934,11946973,1479285370.18,271633163100.0,147918509853.0,37531
494,2020-04-07,'300750,宁德时代,124.7,126.09,123.02,123.6,121.0,3.7,3.0579,1.5278,18372889,2284706364.59,275387442590.0,149962912022.0,48461
495,2020-04-03,'300750,宁德时代,121.0,125.0,119.8,124.65,123.6,-2.6,-2.1036,1.5151,18220415,2225897354.02,267216363700.0,145513330831.0,54393
496,2020-04-02,'300750,宁德时代,123.6,123.6,116.71,117.5,120.4,3.2,2.6578,1.7428,20958836,2523168230.16,272958202920.0,148640063560.0,59137
497,2020-04-01,'300750,宁德时代,120.4,125.56,119.08,123.1,120.39,0.01,0.0083,2.4859,29895088,3664714147.46,265891323880.0,144791777124.0,68847
498,2020-03-31,'300750,宁德时代,120.39,123.13,117.86,120.27,119.31,1.08,0.9052,1.6203,19485192,2350421157.94,265869239883.0,144779751229.0,52270
499,2020-03-30,'300750,宁德时代,119.31,120.64,110.7,116.0,118.71,0.6,0.5054,2.1758,26165539,3010412506.63,263484168207.0,143480954557.0,65968
500,2020-03-27,'300750,宁德时代,118.71,123.33,117.36,122.21,119.63,-0.92,-0.769,1.4551,17499077,2101160340.25,262159128387.0,142759400851.0,48930
501,2020-03-26,'300750,宁德时代,119.63,122.35,118.3,119.01,121.0,-1.37,-1.1322,1.6163,19437090,2344662560.14,264190856111.0,143865783201.0,55031
502,2020-03-25,'300750,宁德时代,121.0,122.18,116.0,116.2,111.57,9.43,8.4521,3.2091,38592846,4603104636.27,267216363700.0,145513330831.0,91352
503,2020-03-24,'300750,宁德时代,111.57,112.88,107.0,110.6,107.48,4.09,3.8054,2.4212,29116996,3222263478.77,246391154529.0,134172911742.0,80720
504,2020-03-23,'300750,宁德时代,107.48,111.57,105.01,110.8,115.86,-8.38,-7.2329,2.558,30761809,3324031004.28,237358799756.0,129254320642.0,78591
505,2020-03-20,'300750,宁德时代,115.86,119.7,113.22,118.0,115.04,0.82,0.7128,1.8721,22514220,2615607081.53,255865189242.0,139332020744.0,60963
506,2020-03-19,'300750,宁德时代,115.04,119.5,111.69,119.0,117.35,-2.31,-1.9685,2.7571,33156307,3803916536.71,254054301488.0,138345897345.0,77699
507,2020-03-18,'300750,宁德时代,117.35,123.5,116.0,118.9,117.95,-0.6,-0.5087,2.6059,31338376,3757216350.32,259155704795.0,141123879116.0,77786
508,2020-03-17,'300750,宁德时代,117.95,122.93,111.25,121.0,119.06,-1.11,-0.9323,3.2613,39220328,4571660103.94,260480744615.0,141845432822.0,91405
509,2020-03-16,'300750,宁德时代,119.06,128.88,118.89,128.0,132.1,-13.04,-9.8713,4.0786,49048485,5992811655.68,262932068282.0,143180307180.0,124440
510,2020-03-13,'300750,宁德时代,132.1,133.8,126.01,126.1,134.2,-2.1,-1.5648,2.283,27455284,3557983786.6,291729600370.0,158862074403.0,77739
511,2020-03-12,'300750,宁德时代,134.2,136.77,131.32,136.2,140.78,-6.58,-4.674,2.7762,33385759,4454589854.6,296367239740.0,161387512376.0,94270
512,2020-03-11,'300750,宁德时代,140.78,148.58,138.8,143.0,140.53,0.25,0.1779,2.8208,33923207,4857506589.47,310898509766.0,169300551359.0,93830
513,2020-03-10,'300750,宁德时代,140.53,141.69,133.01,133.61,133.45,7.08,5.3054,2.4343,29274470,4026499803.83,310346409841.0,168999903981.0,81644
514,2020-03-09,'300750,宁德时代,133.45,140.9,133.0,138.99,143.52,-10.07,-7.0164,2.4468,29425285,4022533011.76,294710939965.0,160485570243.0,85664
515,2020-03-06,'300750,宁德时代,143.52,147.3,141.5,142.01,145.22,-1.7,-1.1706,1.3289,15980869,2309879439.45,316949524944.0,172595646619.0,49586
516,2020-03-05,'300750,宁德时代,145.22,147.83,142.0,146.54,143.7,1.52,1.0578,1.8679,22463328,3254884224.32,320703804434.0,174640048787.0,66380
517,2020-03-04,'300750,宁德时代,143.7,145.88,139.78,143.99,145.78,-2.08,-1.4268,1.7125,20594614,2945905656.09,317347036890.0,172812112731.0,62172
518,2020-03-03,'300750,宁德时代,145.78,149.69,143.9,146.0,139.99,5.79,4.136,2.4689,29691061,4366384638.63,321940508266.0,175313498914.0,84824
519,2020-03-02,'300750,宁德时代,139.99,141.95,134.95,138.8,135.67,4.32,3.1842,2.6455,31815002,4426474527.31,309153874003.0,168350505645.0,82171
520,2020-02-28,'300750,宁德时代,135.67,145.0,135.51,139.99,149.48,-13.81,-9.2387,4.2279,50844719,7090643685.99,299613587299.0,163155318957.0,125939
521,2020-02-27,'300750,宁德时代,149.48,156.66,148.8,155.1,152.86,-3.38,-2.2112,2.7607,33200245,5062343300.33,330111587156.0,179763080104.0,94115
522,2020-02-26,'300750,宁德时代,152.86,160.85,150.7,158.7,161.85,-8.99,-5.5545,2.8129,33827986,5273485008.97,337575978142.0,183827832651.0,95008
523,2020-02-25,'300750,宁德时代,161.85,165.5,148.84,149.74,154.41,7.44,4.8183,4.291,51602630,8116792624.55,357429491445.0,194639112355.0,141213
524,2020-02-24,'300750,宁德时代,154.41,159.85,152.48,157.0,159.9,-5.49,-3.4334,3.037,36523081,5670550935.39,340998997677.0,185691846394.0,111651
525,2020-02-21,'300750,宁德时代,159.9,162.5,155.22,157.8,160.0,-0.1,-0.0625,2.811,33805137,5376640660.24,353123112030.0,192294062809.0,98344
526,2020-02-20,'300750,宁德时代,160.0,165.0,153.0,156.5,153.2,6.8,4.4386,4.311,51844020,8254242623.04,353343952000.0,192414321760.0,135603
527,2020-02-19,'300750,宁德时代,153.2,165.1,152.89,165.0,156.62,-3.42,-2.1836,3.4772,41816783,6598898913.78,338326834040.0,184236713085.0,120557
528,2020-02-18,'300750,宁德时代,156.62,159.0,152.85,154.1,154.1,2.52,1.6353,2.3475,28230513,4400767113.91,345879561014.0,188349569213.0,80782
529,2020-02-17,'300750,宁德时代,154.1,156.16,148.88,149.0,149.9,4.2,2.8019,2.8644,34447133,5309578996.44,340314393770.0,185319043645.0,95384
530,2020-02-14,'300750,宁德时代,149.9,159.9,148.86,158.9,156.34,-6.44,-4.1192,3.6556,43961853,6739413554.76,331039115030.0,180268167699.0,120865
531,2020-02-13,'300750,宁德时代,156.34,159.38,153.69,155.99,159.65,-3.31,-2.0733,2.6078,31360960,4914616428.0,345261209098.0,188012844150.0,86608
532,2020-02-12,'300750,宁德时代,159.65,161.84,152.03,153.55,158.4,1.25,0.7891,2.7097,32586206,5174595055.65,352571012105.0,191993415431.0,79496
533,2020-02-11,'300750,宁德时代,158.4,168.0,157.6,167.2,165.26,-6.86,-4.151,2.8268,33994559,5451183356.85,349810512480.0,190490178542.0,91145
534,2020-02-10,'300750,宁德时代,165.26,168.58,160.0,161.0,160.2,5.06,3.1586,3.1217,37540921,6161572536.54,364960134422.0,198739942588.0,92990
535,2020-02-07,'300750,宁德时代,160.2,169.33,158.95,166.0,169.89,-9.69,-5.7037,3.7835,45499480,7426674364.74,353785631940.0,192654839662.0,116247
536,2020-02-06,'300750,宁德时代,169.89,169.89,152.99,155.01,163.79,6.1,3.7243,4.8162,57918993,9265610935.71,375185025033.0,204307932024.0,132292
537,2020-02-05,'300750,宁德时代,163.79,163.79,156.3,158.17,148.9,14.89,10.0,4.414,53082382,8588999756.73,361713786863.0,196972136007.0,81682
538,2020-02-04,'300750,宁德时代,148.9,148.9,140.01,145.77,135.36,13.54,10.003,2.9864,35913583,5283954889.56,328830715330.0,179065578188.0,48459
539,2020-02-03,'300750,宁德时代,135.36,143.48,126.5,126.56,130.57,4.79,3.6685,4.3768,52634602,7148822247.27,298928983392.0,162782516209.0,94239
540,2020-01-23,'300750,宁德时代,130.57,137.0,125.1,132.5,133.82,-3.25,-2.4286,2.9924,35986224,4755930193.29,288350748829.0,157022112451.0,64661
541,2020-01-22,'300750,宁德时代,133.82,133.82,119.38,121.65,121.65,12.17,10.0041,2.9097,34991561,4493837402.16,295528047854.0,160930528362.0,50150
542,2020-01-21,'300750,宁德时代,121.65,123.0,120.46,122.51,123.2,-1.55,-1.2581,1.1864,14267108,1734790906.52,268651823505.0,146295014013.0,34283
543,2020-01-20,'300750,宁德时代,123.2,125.08,112.9,114.99,115.08,8.12,7.056,2.0699,24892200,2992287056.79,272074843040.0,148159027755.0,53561
544,2020-01-17,'300750,宁德时代,115.08,117.56,114.0,116.36,116.4,-1.32,-1.134,1.2192,14662407,1694771901.3,254142637476.0,138394000926.0,31140
545,2020-01-16,'300750,宁德时代,116.4,116.5,113.85,116.0,115.3,1.1,0.954,1.0755,12934158,1492301746.76,257057725080.0,139981419080.0,32024
546,2020-01-15,'300750,宁德时代,115.3,117.58,112.21,115.7,115.7,-0.4,-0.3457,1.4767,17758720,2031327383.2,254628485410.0,138658570618.0,43158
547,2020-01-14,'300750,宁德时代,115.7,120.75,115.18,119.51,116.9,-1.2,-1.0265,1.8101,21768473,2585867747.09,255511845290.0,139139606423.0,41507
548,2020-01-13,'300750,宁德时代,116.9,118.48,114.2,116.0,113.31,3.59,3.1683,1.7959,21597445,2516539925.09,258161924930.0,140582713836.0,43174
549,2020-01-10,'300750,宁德时代,113.31,114.2,111.68,114.2,115.0,-1.69,-1.4696,1.1997,14428007,1628569248.45,250233770007.0,136265417491.0,33004
550,2020-01-09,'300750,宁德时代,115.0,115.5,110.01,112.0,109.6,5.4,4.927,1.6767,20164351,2287090666.44,253965965500.0,138297793765.0,46320
551,2020-01-08,'300750,宁德时代,109.6,111.5,107.1,109.01,108.5,1.1,1.0138,1.5986,19224068,2098374347.29,242040607120.0,131803810406.0,43559
552,2020-01-07,'300750,宁德时代,108.5,109.64,107.41,109.01,109.09,-0.59,-0.5408,1.1232,13507544,1461154189.47,239611367450.0,130480961944.0,32593
553,2020-01-06,'300750,宁德时代,109.09,114.5,107.8,111.3,109.55,-0.46,-0.4199,2.2036,26500200,2958351779.87,240914323273.0,131190489755.0,52727
554,2020-01-03,'300750,宁德时代,109.55,110.19,105.97,107.52,107.52,2.03,1.888,1.5038,18084178,1956828808.74,241930187135.0,131743680930.0,37023
555,2020-01-02,'300750,宁德时代,107.52,108.85,105.7,107.21,106.4,1.12,1.0526,1.7139,20611589,2213454650.95,237447135744.0,129302424223.0,38117
