name,code
N望变,603191
*ST赛为,300044
中熔电气,301031
安路科技,688107
蠡湖股份,300694
*ST恒誉,688309
C艾布鲁,301259
南大环境,300864
八亿时空,688181
海晨股份,300873
京威股份,002662
青海华鼎,600243
华发股份,600325
凯龙股份,002783
双成药业,002693
新华制药,000756
兴业股份,603928
华东重机,002685
卓郎智能,600545
天虹股份,002419
瑞斯康达,603803
通宝能源,600780
安道麦A,000553
徐家汇,002561
上海雅仕,603329
东方环宇,603706
爱仕达,002403
音飞储存,603066
湖南发展,000722
金域医学,603882
星宇股份,601799
苏利股份,603585
中信国安,000839
鲁阳节能,002088
融捷股份,002192
宸展光电,003019
人人乐,002336
会稽山,601579
赣能股份,000899
新能泰山,000720
汇绿生态,001267
鼎信通讯,603421
星球石墨,688633
松原股份,300893
浩洋股份,300833
宏发股份,600885
山东路桥,000498
宏德股份,301163
浙江建投,002761
盛新锂能,002240
飞科电器,603868
渝三峡Ａ,000565
德必集团,300947
元利科技,603217
粤桂股份,000833
大晟文化,600892
富临精工,300432
福立旺,688678
银都股份,603277
优利德,688628
安科生物,300009
环旭电子,601231
华润双鹤,600062
三房巷,600370
万润股份,002643
*ST星星,300256
聆达股份,300125
铁科轨道,688569
康德莱,603987
先达股份,603086
基蛋生物,603387
大豪科技,603025
国电南自,600268
新宁物流,300013
建投能源,000600
鲁抗医药,600789
滨江集团,002244
众业达,002441
福莱特,601865
南模生物,688265
恒为科技,603496
*ST天龙,300029
科锐国际,300662
宁波中百,600857
钧达股份,002865
*ST数知,300038
正帆科技,688596
中矿资源,002738
美联新材,300586
长海股份,300196
一拖股份,601038
靖远煤电,000552
中复神鹰,688295
柳药股份,603368
华东医药,000963
中煤能源,601898
歌尔股份,002241
宇晶股份,002943
国发股份,600538
皖能电力,000543
联环药业,600513
上海九百,600838
凯利泰,300326
建艺集团,002789
中交地产,000736
汇嘉时代,603101
中国神华,601088
ST榕泰,600589
怡亚通,002183
陕鼓动力,601369
应流股份,603308
利元亨,688499
明泰铝业,601677
SST佳通,600182
微光股份,002801
迪安诊断,300244
*ST万方,000638
ST新海,002089
ST八菱,002592
安奈儿,002875
*ST巴士,002188
信达地产,600657
绿地控股,600606
江特电机,002176
山煤国际,600546
*ST康美,600518
新泉股份,603179
天齐锂业,002466
科达利,002850
国新能源,600617
盛路通信,002446
江海股份,002484
东尼电子,603595
金融街,000402
保利发展,600048
帝尔激光,300776
威龙股份,603779
华友钴业,603799
*ST美尚,300495
西藏药业,600211
ST目药,600671
前沿生物,688221
*ST跨境,002640
神力股份,603819
DR旭升股,603305
顺博合金,002996
ST摩登,002656
ST联建,300269
海容冷链,603187
成都银行,601838
综艺股份,600770
新世界,600628
新亚强,603155
ST海越,600387
*ST博信,600083
炬光科技,688167
长久物流,603569
确成股份,605183
永兴材料,002756
汇川技术,300124
海澜之家,600398
皖维高新,600063
中集车辆,301039
广汇能源,600256
*ST凯瑞,002072
*ST沈机,000410
首开股份,600376
川金诺,300505
亚钾国际,000893
国际医学,000516
石英股份,603688
科恒股份,300340
*ST南化,600301
共创草坪,605099
ST起步,603557
澳柯玛,600336
美邦股份,605033
彩讯股份,300634
广汽集团,601238
ST天马,002122
超频三,300647
利通电子,603629
荣盛发展,002146
飞力达,300240
中远海能,600026
炼石航空,000697
斯莱克,300382
国药股份,600511
三羊马,001317
桂冠电力,600236
中创物流,603967
新元科技,300472
金鹰股份,600232
英杰电气,300820
沃森生物,300142
*ST香梨,600506
南山控股,002314
交运股份,600676
*ST威尔,002058
鸿合科技,002955
中国外运,601598
ST中捷,002021
陕天然气,002267
慈文传媒,002343
江苏银行,600919
山西焦煤,000983
金银河,300619
*ST亚星,600319
金麒麟,603586
招商积余,001914
德恩精工,300780
隆鑫通用,603766
中电兴发,002298
*ST华资,600191
道氏技术,300409
ST荣华,600311
浦东建设,600284
*ST园城,600766
森特股份,603098
视源股份,002841
中科电气,300035
ST熊猫,600599
龙宇燃油,603003
国投中鲁,600962
扬电科技,301012
中农立华,603970
上实发展,600748
高新发展,000628
易成新能,300080
长江传媒,600757
京华激光,603607
名家汇,300506
国电电力,600795
博实股份,002698
长春高新,000661
万里扬,002434
中国中铁,601390
电投能源,002128
顺鑫农业,000860
神州数码,000034
宝莱特,300246
际华集团,601718
达安基因,002030
特发服务,300917
ST华钰,601020
久盛电气,301082
渤海租赁,000415
安利股份,300218
浙能电力,600023
芯源微,688037
云天化,600096
中科金财,002657
金钼股份,601958
麦迪科技,603990
中创环保,300056
古井贡酒,000596
大参林,603233
陕西煤业,601225
博汇纸业,600966
华生科技,605180
苏农银行,603323
日照港,600017
海信视像,600060
东吴证券,601555
赣锋锂业,002460
ST冠福,002102
中储股份,600787
京投发展,600683
广汇汽车,600297
吉祥航空,603885
畅联股份,603648
湘潭电化,002125
招商银行,600036
江龙船艇,300589
ST红太阳,000525
建发股份,600153
芯碁微装,688630
裕兴股份,300305
中国化学,601117
吉翔股份,603399
德业股份,605117
上机数控,603185
潞安环能,601699
星期六,002291
航发控制,000738
光莆股份,300632
纳思达,002180
光电股份,600184
申通快递,002468
重庆路桥,600106
厦门国贸,600755
万通发展,600246
飞马国际,002210
国力股份,688103
*ST华英,002321
福然德,605050
劲仔食品,003000
铂力特,688333
四方股份,601126
泛亚微透,688386
洋河股份,002304
罗曼股份,605289
ST顺利,000606
山西路桥,000755
许继电气,000400
中集集团,000039
赞宇科技,002637
惠泰医疗,688617
浩欧博,688656
*ST邦讯,300312
华软科技,002453
索菲亚,002572
C清研,301288
三峡能源,600905
贝斯美,300796
金地集团,600383
国邦医药,605507
华北制药,600812
*ST乐材,300446
乾景园林,603778
*ST全新,000007
居然之家,000785
湖北能源,000883
亚普股份,603013
恩捷股份,002812
世纪鼎利,300050
龙溪股份,600592
中广核技,000881
中央商场,600280
塞力医疗,603716
美迪西,688202
国盛智科,688558
*ST基础,600515
康拓医疗,688314
保立佳,301037
航天机电,600151
传化智联,002010
中铁工业,600528
西藏矿业,000762
大商股份,600694
新澳股份,603889
奥来德,688378
中洲控股,000042
南京高科,600064
酒鬼酒,000799
中钨高新,000657
三棵树,603737
科林电气,603050
欧科亿,688308
南京银行,601009
高能环境,603588
长江投资,600119
*ST节能,000820
中国通号,688009
皇氏集团,002329
长安汽车,000625
中通国脉,603559
顺丰控股,002352
科德数控,688305
中国建筑,601668
华恒生物,688639
兖矿能源,600188
恒源煤电,600971
天味食品,603317
武商集团,000501
赛隆药业,002898
*ST赫美,002356
煜邦电力,688597
银座股份,600858
润丰股份,301035
华民股份,300345
顺发恒业,000631
扬农化工,600486
上海建工,600170
新通联,603022
联创电子,002036
奥特迅,002227
北京城乡,600861
西部超导,688122
大业股份,603278
杭氧股份,002430
常熟银行,601128
外服控股,600662
*ST嘉信,300071
长高集团,002452
城建发展,600266
ST森源,002358
大悦城,000031
上海谊众,688091
水星家纺,603365
国电南瑞,600406
福瑞股份,300049
凤凰光学,600071
云维股份,600725
震安科技,300767
北方导航,600435
泸州老窖,000568
孚日股份,002083
春秋航空,601021
*ST尤夫,002427
兴业银行,601166
普路通,002769
南极电商,002127
保税科技,600794
富森美,002818
吉贝尔,688566
蓝丰生化,002513
明德生物,002932
万林物流,603117
邮储银行,601658
亚宝药业,600351
炬申股份,001202
文灿股份,603348
聚赛龙,301131
吉林高速,601518
濮耐股份,002225
新大正,002968
招商轮船,601872
新城控股,601155
金科股份,000656
卧龙地产,600173
贵研铂业,600459
*ST利源,002501
中国铁建,601186
杭州银行,600926
四川路桥,600039
神州细胞,688520
ST银河,000806
穗恒运Ａ,000531
世荣兆业,002016
*ST浪奇,000523
桐昆股份,601233
创兴资源,600193
ST天润,002113
江山股份,600389
远大控股,000626
宜宾纸业,600793
万科Ａ,000002
齐翔腾达,002408
山西汾酒,600809
ST辉丰,002496
晋控煤业,601001
深圳机场,000089
华辰装备,300809
西陇科学,002584
联德股份,605060
玉禾田,300815
合肥百货,000417
比依股份,603215
恒林股份,603661
中国铁物,000927
舍得酒业,600702
东方铁塔,002545
华阳股份,600348
天坛生物,600161
昊华能源,601101
ST贵人,603555
金牛化工,600722
喜临门,603008
无锡银行,600908
中远海科,002401
隧道股份,600820
福斯特,603806
宝丰能源,600989
广生堂,300436
圣诺生物,688117
泽璟制药,688266
中农联合,003042
鄂尔多斯,600295
张家港行,002839
宝信软件,600845
东方锆业,002167
诚益通,300430
万事利,301066
泰恩康,301263
美诺华,603538
铁龙物流,600125
华夏幸福,600340
*ST海航,600221
华映科技,000536
中国国航,601111
迈威生物,688062
华正新材,603186
绝味食品,603517
威帝股份,603023
兰花科创,600123
富安娜,002327
海汽集团,603069
广联航空,300900
力盛赛车,002858
瑞松科技,688090
美达股份,000782
蒙草生态,300355
立讯精密,002475
中新药业,600329
科达制造,600499
长鸿高科,605008
百联股份,600827
春兰股份,600854
康达新材,002669
杰克股份,603337
牧高笛,603908
上海能源,600508
中天精装,002989
华致酒行,300755
乐惠国际,603076
九典制药,300705
兴齐眼药,300573
尚纬股份,603333
云南白药,000538
雅化集团,002497
厦门象屿,600057
鑫铂股份,003038
招商港口,001872
中新集团,601512
佰仁医疗,688198
瑞泰科技,002066
文一科技,600520
城投控股,600649
新洋丰,000902
ST步森,002569
浦发银行,600000
今世缘,603369
亿纬锂能,300014
航亚科技,688510
中华企业,600675
陕西建工,600248
华东数控,002248
广汇物流,600603
鞍钢股份,000898
桂林三金,002275
九州通,600998
中国交建,601800
ST天山,300313
原尚股份,603813
中国中冶,601618
五粮液,000858
老板电器,002508
金枫酒业,600616
宁波银行,002142
小商品城,600415
华能水电,600025
天津港,600717
兴蓉环境,000598
采纳股份,301122
迎驾贡酒,603198
三圣股份,002742
中国石化,600028
南方航空,600029
中信银行,601998
迈信林,688685
淮河能源,600575
阿科力,603722
天铁股份,300587
深物业A,000011
紫金银行,601860
三祥新材,603663
世茂股份,600823
厦门银行,601187
上港集团,600018
金城医药,300233
新疆火炬,603080
长沙银行,601577
寿仙谷,603896
华侨城Ａ,000069
模塑科技,000700
禾盛新材,002290
哈尔斯,002615
思源电气,002028
启迪环境,000826
千红制药,002550
今飞凯达,002863
盘江股份,600395
晋亿实业,601002
平煤股份,601666
康华生物,300841
贵阳银行,601997
上海天洋,603330
永创智能,603901
龙版传媒,605577
华建集团,600629
兴化股份,002109
新集能源,601918
中盐化工,600328
东方日升,300118
廊坊发展,600149
中远海控,601919
泛微网络,603039
平安银行,000001
当升科技,300073
华联综超,600361
重庆港,600279
杭钢股份,600126
中国核电,601985
星源材质,300568
苏州银行,002966
蓝黛科技,002765
华懋科技,603306
海螺水泥,600585
醋化股份,603968
中国银行,601988
千禾味业,603027
博济医药,300404
招商蛇口,001979
中南建设,000961
北清环能,000803
中简科技,300777
神马股份,600810
广弘控股,000529
燕京啤酒,000729
安通控股,600179
淮北矿业,600985
新诺威,300765
卓锦股份,688701
利尔化学,002258
重庆百货,600729
康盛股份,002418
天地科技,600582
新农股份,002942
爱玛科技,603529
蔚蓝锂芯,002245
天顺股份,002800
*ST中潜,300526
亿田智能,300911
深高速,600548
创元科技,000551
三孚股份,603938
益民集团,600824
兰剑智能,688557
瑞茂通,600180
华谊集团,600623
老白干酒,600559
天域生态,603717
华贸物流,603128
华孚时尚,002042
C欧圣,301187
绿的谐波,688017
茂业商业,600828
恩华药业,002262
贵州茅台,600519
招商南油,601975
中国东航,600115
吉峰科技,300022
路德环境,688156
三旺通信,688618
成都路桥,002628
天地数码,300743
海印股份,000861
连云港,601008
建新股份,300107
坤彩科技,603826
南华生物,000504
三一重工,600031
ST中安,600654
特发信息,000070
卫星化学,002648
新宏泰,603016
新兴铸管,000778
圆通速递,600233
密尔克卫,603713
ST凯乐,600260
西藏珠峰,600338
中远海特,600428
*ST华昌,300278
英利汽车,601279
上纬新材,688585
南网科技,688248
航锦科技,000818
合纵科技,300477
巨化股份,600160
物产中大,600704
恒瑞医药,600276
杭齿前进,601177
中国国贸,600007
白云山,600332
新疆交建,002941
川投能源,600674
力生制药,002393
华远地产,600743
中富通,300560
复星医药,600196
*ST云城,600239
江阴银行,002807
中国中车,601766
恒基达鑫,002492
红星发展,600367
旺能环境,002034
南京港,002040
奥佳华,002614
新日恒力,600165
公牛集团,603195
中国石油,601857
大名城,600094
*ST景谷,600265
陆家嘴,600663
联美控股,600167
ST奥马,002668
亚信安全,688225
国投电力,600886
凌云股份,600480
楚天高速,600035
珠海港,000507
科博达,603786
奥海科技,002993
中微公司,688012
佛慈制药,002644
金辰股份,603396
浙商中拓,000906
东珠生态,603359
辉隆股份,002556
冠农股份,600251
中国移动,600941
海程邦达,603836
浔兴股份,002098
北京银行,601169
中关村,000931
粤高速Ａ,000429
*ST瑞德,600666
上峰水泥,000672
海南高速,000886
粤传媒,002181
富通信息,000836
中铁特货,001213
ST远程,002692
奥美医疗,002950
重庆啤酒,600132
ST德豪,002005
益丰药房,603939
国创高新,002377
人福医药,600079
友邦吊顶,002718
绿田机械,605259
皖通高速,600012
建设银行,601939
青岛银行,002948
联创光电,600363
新宝股份,002705
扬帆新材,300637
水井坊,600779
中谷物流,603565
铂科新材,300811
上海凤凰,600679
新华文轩,601811
龙元建设,600491
通用股份,601500
新特电气,301120
百润股份,002568
奥赛康,002755
渝农商行,601077
津滨发展,000897
楚天科技,300358
蓝晓科技,300487
和胜股份,002824
华域汽车,600741
古越龙山,600059
创力集团,603012
秦港股份,601326
精功科技,002006
创业环保,600874
冀中能源,000937
XD华设集,603018
厦门空港,600897
中信海直,000099
豪森股份,688529
盐湖股份,000792
联盛化学,301212
众生药业,002317
开普检测,003008
嘉友国际,603871
华夏银行,600015
精工钢构,600496
西藏城投,600773
蓝天燃气,605368
天原股份,002386
龙佰集团,002601
弘业股份,600128
科翔股份,300903
韶能股份,000601
百洋股份,002696
唐山港,601000
深中华A,000017
汉森制药,002412
福建高速,600033
山东海化,000822
ST弘高,002504
皇马科技,603181
莱特光电,688150
金隅集团,601992
水羊股份,300740
浙江东日,600113
雅运股份,603790
凤凰股份,600716
东华科技,002140
我爱我家,000560
腾远钴业,301219
宝鼎科技,002552
永太科技,002326
*ST安控,300370
杉杉股份,600884
锦江在线,600650
华夏航空,002928
仁和药业,000650
鞍重股份,002667
ST信通,600289
美克家居,600337
华明装备,002270
万朗磁塑,603150
蒙泰高新,300876
德马科技,688360
中威电子,300270
壶化股份,003002
贝达药业,300558
奇正藏药,002287
三花智控,002050
神开股份,002278
碧水源,300070
山东钢铁,600022
ST宏图,600122
祥源文化,600576
广州港,601228
工商银行,601398
兆驰股份,002429
剑桥科技,603083
文峰股份,601010
上海银行,601229
威创股份,002308
四方科技,603339
同达创业,600647
*ST澄星,600078
晋西车轴,600495
江苏租赁,600901
隆基机械,002363
中装建设,002822
格力地产,600185
久立特材,002318
勤上股份,002638
苏州高新,600736
*ST众泰,000980
ST云投,002200
兰州银行,001227
青农商行,002958
交通银行,601328
拓维信息,002261
希荻微,688173
万里股份,600847
科安达,002972
中国巨石,600176
众望布艺,605003
*ST华塑,000509
海目星,688559
高测股份,688556
大庆华科,000985
重庆钢铁,601005
ST海投,000616
上海临港,600848
新潮能源,600777
华联控股,000036
景津装备,603279
栖霞建设,600533
开滦股份,600997
利安隆,300596
交大昂立,600530
浙版传媒,601921
广州发展,600098
博瑞医药,688166
福光股份,688010
华达科技,603358
珠江啤酒,002461
亚威股份,002559
未名医药,002581
九丰能源,605090
国联证券,601456
禾望电气,603063
长川科技,300604
天鹅股份,603029
郑煤机,601717
海优新材,688680
五洲交通,600368
亿帆医药,002019
思进智能,003025
福星股份,000926
海尔生物,688139
乐通股份,002319
凯中精密,002823
*ST群兴,002575
腾龙股份,603158
元力股份,300174
深科达,688328
雪天盐业,600929
江西铜业,600362
中超控股,002471
羚锐制药,600285
珀莱雅,603605
雷科防务,002413
太原重工,600169
金风科技,002202
雅戈尔,600177
神州高铁,000008
光线传媒,300251
苏试试验,300416
岳阳兴长,000819
国光连锁,605188
康缘药业,600557
渤海轮渡,603167
斯达半导,603290
宏盛股份,603090
北元集团,601568
明星电力,600101
珈伟新能,300317
中船防务,600685
三江购物,601116
三和管桩,003037
长春一东,600148
周大生,002867
大东方,600327
中百集团,000759
郴电国际,600969
甘肃电投,000791
九洲药业,603456
森麒麟,002984
中金环境,300145
中顺洁柔,002511
依顿电子,603328
云图控股,002539
宁沪高速,600377
重庆水务,601158
新华联,000620
哈药股份,600664
悦康药业,688658
湖北宜化,000422
生益电子,688183
仕佳光子,688313
丽尚国潮,600738
中远海发,601866
瑞玛精密,002976
沪农商行,601825
宁波建工,601789
安恒信息,688023
山东赫达,002810
攀钢钒钛,000629
中原高速,600020
天健集团,000090
华新水泥,600801
海王生物,000078
金陵药业,000919
荣盛石化,002493
华星创业,300025
祥龙电业,600769
生益科技,600183
英科再生,688087
赣粤高速,600269
赛象科技,002337
金达莱,688057
锦江酒店,600754
侨银股份,002973
天佑德酒,002646
万丰奥威,002085
快克股份,603203
科美诊断,688468
奥翔药业,603229
卫信康,603676
旗滨集团,601636
浙江东方,600120
三美股份,603379
贤丰控股,002141
中粮工科,301058
风神股份,600469
民生银行,600016
西安银行,600928
五矿稀土,000831
金徽酒,603919
汉得信息,300170
长园集团,600525
东方嘉盛,002889
新和成,002001
洪城环境,600461
西部创业,000557
隆基股份,601012
我武生物,300357
中国核建,601611
川恒股份,002895
光大嘉宝,600622
金迪克,688670
好利科技,002729
力源科技,688565
鲁商发展,600223
湖南投资,000548
国药一致,000028
大博医疗,002901
易明医药,002826
移远通信,603236
国泰集团,603977
ST沪科,600608
容知日新,688768
恒大高新,002591
康泰医学,300869
元琛科技,688659
可立克,002782
国光电气,688776
宏川智慧,002930
海能达,002583
赛轮轮胎,601058
立达信,605365
信邦制药,002390
得润电子,002055
*ST中葡,600084
石大胜华,603026
航天宏图,688066
广信材料,300537
诺力股份,603611
红旗连锁,002697
汤臣倍健,300146
永悦科技,603879
道恩股份,002838
ST三五,300051
科德教育,300192
合锻智能,603011
华铁应急,603300
晨鸣纸业,000488
通宇通讯,002792
复旦复华,600624
青岛港,601298
嘉戎技术,301148
富瀚微,300613
迪阿股份,301177
*ST广珠,600382
安徽建工,600502
北方铜业,000737
华微电子,600360
中国中免,601888
白云机场,600004
华鹏飞,300350
八方股份,603489
阳光诺和,688621
南京熊猫,600775
同济科技,600846
依依股份,001206
重庆银行,601963
招商公路,001965
西部建设,002302
一汽解放,000800
华峰化学,002064
申通地铁,600834
宣亚国际,300612
*ST丰华,600615
科伦药业,002422
新宏泽,002836
新中港,605162
万德斯,688178
水晶光电,002273
中国卫通,601698
双鹭药业,002038
易德龙,603380
通化东宝,600867
华光环能,600475
寒锐钴业,300618
恒力石化,600346
聚石化学,688669
回天新材,300041
健康元,600380
怡达股份,300721
张江高科,600895
通合科技,300491
健麾信息,605186
航发动力,600893
中来股份,300393
中国船舶,600150
安图生物,603658
艾力斯,688578
德林海,688069
迪哲医药,688192
恒锋工具,300488
先导智能,300450
广誉远,600771
大洋生物,003017
首创环保,600008
中国联通,600050
东望时代,600052
诺德股份,600110
香江控股,600162
莲花健康,600186
长城电工,600192
ST华仪,600290
标准股份,600302
汉马科技,600375
五矿资本,600390
ST粤泰,600393
国药现代,600420
柳化股份,600423
百利电气,600468
华丽家族,600503
未来股份,600532
亿晶光电,600537
狮头股份,600539
*ST海创,600555
ST中珠,600568
泰豪科技,600590
市北高新,600604
大众交通,600611
南京医药,600713
钱江生化,600796
海油发展,600968
中材国际,600970
贵绳股份,600992
宁波港,601018
山东出版,601019
四川成渝,601107
白银有色,601212
中国人保,601319
北辰实业,601588
长城军工,601606
中海油服,601808
辽港股份,601880
大唐发电,601991
奥康国际,603001
火炬电子,603678
来伊份,603777
好太太,603848
中持股份,603903
正和生态,605069
华达新材,605158
菜百股份,605599
亚虹医药,688176
莱尔科技,688683
伟创电气,688698
宏华数科,688789
南玻Ａ,000012
飞亚达,000026
深圳能源,000027
深南电A,000037
潍柴动力,000338
徐工机械,000425
四环生物,000518
中兵红箭,000519
长航凤凰,000520
长虹美菱,000521
万向钱潮,000559
陕国投Ａ,000563
粤宏远Ａ,000573
阳光股份,000608
格力电器,000651
陕西金叶,000812
厦门港务,000905
四川双马,000935
*ST银亿,000981
天奇股份,002009
友阿股份,002277
联络互动,002280
辉煌科技,002296
海宁皮城,002344
潮宏基,002345
康力电梯,002367
长青股份,002391
龙星化工,002442
清新环境,002573
江苏国信,002608
华西能源,002630
浙江美大,002677
龙洲股份,002682
ST浩源,002700
高斯贝尔,002848
郑州银行,002936
天禾股份,002999
中元股份,300018
星辉娱乐,300043
保力新,300116
节能铁汉,300197
*ST聚龙,300202
融捷健康,300247
ST和佳,300273
商络电子,300975
新华保险,601336
荣昌生物,688331
藏格矿业,000408
中航沈飞,600760
苏州龙杰,603332
立方制药,003020
太极股份,002368
晨光股份,603899
北新建材,000786
横店东磁,002056
红相股份,300427
国轩高科,002074
太阳纸业,002078
盛讯达,300518
富信科技,688662
厦钨新能,688778
通威股份,600438
瀛通通讯,002861
杰瑞股份,002353
飞天诚信,300386
宏昌科技,301008
中环股份,002129
拓斯达,300607
登云股份,002715
法兰泰克,603966
瀚川智能,688022
惠泉啤酒,600573
四创电子,600990
瑞丰银行,601528
安德利,603031
广聚能源,000096
九牧王,601566
武汉凡谷,002194
佐力药业,300181
安琪酵母,600298
正泰电器,601877
济民医疗,603222
中国电建,601669
赛福天,603028
梦天家居,603216
绿茵生态,002887
中泰化学,002092
兰州黄河,000929
利柏特,605167
百傲化学,603360
汇通能源,600605
杭州解百,600814
华通热力,002893
杭华股份,688571
双乐股份,301036
百济神州,688235
日科化学,300214
欧亚集团,600697
海翔药业,002099
吉电股份,000875
华润三九,000999
浙江交科,002061
焦点科技,002315
丰元股份,002805
安车检测,300572
亚太股份,002284
山东高速,600350
西部矿业,601168
中材节能,603126
合众思壮,002383
信立泰,002294
中船汉光,300847
得邦照明,603303
申能股份,600642
洛阳玻璃,600876
石化机械,000852
齐鲁银行,601665
恒顺醋业,600305
中科三环,000970
博汇股份,300839
渤海股份,000605
*ST德新,603032
兴图新科,688081
菲达环保,600526
新黄浦,600638
东北制药,000597
普利特,002324
中国高科,600730
华塑股份,600935
同和药业,300636
国城矿业,000688
香农芯创,300475
金能科技,603113
东富龙,300171
艾艾精工,603580
新强联,300850
长源电力,000966
长城汽车,601633
海利得,002206
卫光生物,002880
通程控股,000419
罗普斯金,002333
清源股份,603628
东风汽车,600006
盈峰环境,000967
襄阳轴承,000678
嘉事堂,002462
中达安,300635
沧州大化,600230
江苏舜天,600287
沪宁股份,300669
华中数控,300161
中国天楹,000035
ST安信,600816
长虹华意,000404
领益智造,002600
宇新股份,002986
深振业Ａ,000006
泰和科技,300801
一汽富维,600742
金自天正,600560
晨化股份,300610
北大医药,000788
中航电子,600372
抚顺特钢,600399
泽达易盛,688555
湘邮科技,600476
中山公用,000685
祥鑫科技,002965
杰恩设计,300668
远东股份,600869
华数传媒,000156
华升股份,600156
泰尔股份,002347
银河电子,002519
三角防务,300775
永东股份,002753
湖南天雁,600698
万华化学,600309
沃顿科技,000920
国瓷材料,300285
三维通信,002115
中兰环保,300854
北方国际,000065
皖仪科技,688600
济南高新,600807
协创数据,300857
ST北文,000802
广信股份,603599
方大炭素,600516
中原传媒,000719
金禾实业,002597
振华股份,603067
浙商银行,601916
秦川机床,000837
新联电子,002546
平高电气,600312
博天环境,603603
光大银行,601818
泰禾智能,603656
中国重汽,000951
凯立新材,688269
冠城大通,600067
恒丰纸业,600356
*ST恒康,002219
赛托生物,300583
江丰电子,300666
漳州发展,000753
工业富联,601138
鹏鼎控股,002938
安徽合力,600761
宏力达,688330
三峡新材,600293
振华重工,600320
宋城演艺,300144
海融科技,300915
上汽集团,600104
三友医疗,688085
三晖电气,002857
圣济堂,600227
广安爱众,600979
洁特生物,688026
正海生物,300653
中国平安,601318
天臣医疗,688013
威孚高科,000581
片仔癀,600436
利德曼,300289
西上海,605151
迪瑞医疗,300396
华天科技,002185
中油工程,600339
灵康药业,603669
广电运通,002152
丹化科技,600844
东方电缆,603606
国睿科技,600562
合力泰,002217
清溢光电,688138
国旅联合,600358
大胜达,603687
三夫户外,002780
再升科技,603601
冀东水泥,000401
东安动力,600178
南都物业,603506
优宁维,301166
莫高股份,600543
天华超净,300390
上海易连,600836
东山精密,002384
仕净科技,301030
首旅酒店,600258
佳士科技,300193
美的集团,000333
银宝山新,002786
东方通,300379
合金投资,000633
航天科技,000901
七匹狼,002029
永艺股份,603600
三维化学,002469
达华智能,002512
锡业股份,000960
宏昌电子,603002
昀冢科技,688260
日月明,300906
上海亚虹,603159
南卫股份,603880
罗莱生活,002293
天山股份,000877
华泰股份,600308
誉衡药业,002437
绿色动力,601330
江河集团,601886
电气风电,688660
江西长运,600561
新凤鸣,603225
ST升达,002259
雷电微力,301050
金杯汽车,600609
佳隆股份,002495
长荣股份,300195
电连技术,300679
祥和实业,603500
宝莫股份,002476
嘉诚国际,603535
研奥股份,300923
中国太保,601601
晶澳科技,002459
皖新传媒,601801
东方明珠,600637
兴发集团,600141
曙光股份,600303
中国出版,601949
德邦股份,603056
安必平,688393
合力科技,603917
凯恩股份,002012
东方园林,002310
格林美,002340
嘉凯城,000918
兴业矿业,000426
亿利洁能,600277
新天绿能,600956
金安国纪,002636
百川能源,600681
长青集团,002616
节能国祯,300388
华电重工,601226
老百姓,603883
贵州百灵,002424
福田汽车,600166
汇得科技,603192
实益达,002137
罗欣药业,002793
中天金融,000540
豪美新材,002988
永辉超市,601933
东百集团,600693
亚太科技,002540
新开源,300109
青松建化,600425
天房发展,600322
ST中孚,600595
现代投资,000900
广深铁路,601333
高鸿股份,000851
ST大洲,000571
农产品,000061
翔港科技,603499
沈阳化工,000698
海油工程,600583
瑞达期货,002961
润阳科技,300920
中南文化,002445
盛视科技,002990
天晟新材,300169
华荣股份,603855
龙高股份,605086
天智航,688277
格灵深瞳,688207
振江股份,603507
上海沿浦,605128
浙江仙通,603239
川能动力,000155
梅花生物,600873
恒生电子,600570
地铁设计,003013
中国电信,601728
聚飞光电,300303
ST高升,000971
山东玻纤,605006
竞业达,003005
正源股份,600321
能科科技,603859
海普瑞,002399
乐凯胶片,600135
新兴装备,002933
浙矿股份,300837
上海电气,601727
朗源股份,300175
华兰疫苗,301207
百隆东方,601339
张裕Ａ,000869
键凯科技,688356
中南传媒,601098
英力特,000635
ST东洋,002086
纽威股份,603699
双枪科技,001211
王府井,600859
拓普集团,601689
贵州轮胎,000589
翔鹭钨业,002842
华海药业,600521
新华传媒,600825
深城交,301091
博雅生物,300294
同益中,688722
双星新材,002585
紫金矿业,601899
桂东电力,600310
名臣健康,002919
世纪瑞尔,300150
安纳达,002136
内蒙华电,600863
通达动力,002576
ST商城,600306
世纪天鸿,300654
珍宝岛,603567
联泰环保,603797
海鸥股份,603269
华工科技,000988
长江电力,600900
星网锐捷,002396
中国重工,601989
麦格米特,002851
行动教育,605098
ST安泰,600408
海思科,002653
兰生股份,600826
必得科技,605298
上海莱士,002252
探路者,300005
新致软件,688590
焦作万方,000612
海螺新材,000619
苏宁环球,000718
海亮股份,002203
汉商集团,600774
浙江力诺,300838
慧辰股份,688500
久日新材,688199
宁波韵升,600366
华联股份,000882
长飞光纤,601869
格林达,603931
黔源电力,002039
三峰环境,601827
派能科技,688063
泸天化,000912
凤凰传媒,601928
中青旅,600138
科森科技,603626
维维股份,600300
龙建股份,600853
潍柴重机,000880
辰安科技,300523
百川股份,002455
佳沃食品,300268
北陆药业,300016
圣泉集团,605589
海峡股份,002320
常青股份,603768
海顺新材,300501
胜利精密,002426
三星医疗,601567
天顺风能,002531
派斯林,600215
山西证券,002500
一心堂,002727
东阿阿胶,000423
金发科技,600143
斯迪克,300806
中粮科技,000930
开开实业,600272
华源控股,002787
光启技术,002625
*ST雅博,002323
兴森科技,002436
会通股份,688219
天通股份,600330
青岛啤酒,600600
嘉应制药,002198
上海机场,600009
山科智能,300897
锦州港,600190
深华发Ａ,000020
奥维通信,002231
美亚光电,002690
中国动力,600482
玉龙股份,601028
佛山照明,000541
*ST同洲,002052
宏创控股,002379
两面针,600249
电广传媒,000917
和邦生物,603077
博思软件,300525
紫江企业,600210
江苏有线,600959
同益股份,300538
乐鑫科技,688018
华强科技,688151
合诚股份,603909
金力泰,300225
中油资本,000617
苏宁易购,002024
洪都航空,600316
雪榕生物,300511
正威新材,002201
新经典,603096
日上集团,002593
特锐德,300001
中富电路,300814
渤海汽车,600960
泛海控股,000046
亚厦股份,002375
绿康生化,002868
东材科技,601208
大千生态,603955
王力安防,605268
世联行,002285
岳阳林纸,600963
康欣新材,600076
中国卫星,600118
国机重装,601399
恒逸石化,000703
京源环保,688096
深深房Ａ,000029
爱建集团,600643
宁波精达,603088
天融信,002212
湘电股份,600416
冠中生态,300948
洪通燃气,605169
中联重科,000157
泉阳泉,600189
中国科传,601858
杭州高新,300478
凯美特气,002549
赛意信息,300687
奥普光电,002338
大龙地产,600159
福耀玻璃,600660
百胜智能,301083
凯伦股份,300715
协鑫能科,002015
奥锐特,605116
欧普照明,603515
双良节能,600481
合兴股份,605005
蓝特光学,688127
荣安地产,000517
天箭科技,002977
三力士,002224
保变电气,600550
建设机械,600984
圣龙股份,603178
集泰股份,002909
光华科技,002741
中恒集团,600252
恒盛能源,605580
通用电梯,300931
华铁股份,000976
山鹰国际,600567
沙河股份,000014
鱼跃医疗,002223
四川美丰,000731
南国置业,002305
外高桥,600648
福建水泥,600802
德美化工,002054
广发证券,000776
华宏科技,002645
贵州燃气,600903
东方钽业,000962
民德电子,300656
国金证券,600109
我乐家居,603326
继峰股份,603997
厦工股份,600815
宗申动力,001696
东贝集团,601956
中化岩土,002542
富邦股份,300387
中信证券,600030
禾丰股份,603609
鲁信创投,600783
宁水集团,603700
紫鑫药业,002118
金智科技,002090
苏常柴Ａ,000570
派林生物,000403
美瑞新材,300848
东方电气,600875
中牧股份,600195
联发股份,002394
英诺激光,301021
远达环保,600292
金龙羽,002882
赛升药业,300485
大连友谊,000679
金瑞矿业,600714
杭州热电,605011
庄园牧场,002910
必创科技,300667
西力科技,688616
涪陵榨菜,002507
中源协和,600645
铁建重工,688425
华测导航,300627
锦鸡股份,300798
高盟新材,300200
永安期货,600927
海天精工,601882
康芝药业,300086
爱威科技,688067
东莞控股,000828
涪陵电力,600452
梅雁吉祥,600868
华丰股份,605100
嘉必优,688089
园林股份,605303
华光新材,688379
中航产融,600705
亚泰集团,600881
太平洋,601099
国投资本,600061
宝泰隆,601011
圣阳股份,002580
海格通信,002465
红蜻蜓,603116
阳光城,000671
财信发展,000838
天威视讯,002238
华业香料,300886
郑州煤电,600121
万泰生物,603392
南方精工,002553
萃华珠宝,002731
坤恒顺维,688283
卓翼科技,002369
巴安水务,300262
晶科能源,688223
合康新能,300048
新媒股份,300770
腾达建设,600512
香溢融通,600830
世华科技,688093
华大基因,300676
科新发展,600234
数源科技,000909
日发精机,002520
如通股份,603036
首钢股份,000959
华邦健康,002004
嘉麟杰,002486
万隆光电,300710
伟星股份,002003
太和水,605081
如意集团,002193
奥瑞金,002701
百利科技,603959
神州泰岳,300002
金太阳,300606
德力股份,002571
安居宝,300155
勘设股份,603458
万和电气,002543
天海防务,300008
振芯科技,300101
新光药业,300519
西点药业,301130
飞龙股份,002536
冰山冷热,000530
通裕重工,300185
金螳螂,002081
长鹰信质,002664
盐田港,000088
爱美客,300896
惠而浦,600983
科华控股,603161
六国化工,600470
山东章鼓,002598
骆驼股份,601311
交建股份,603815
中船科技,600072
汉缆股份,002498
奥普特,688686
皖天然气,603689
华铭智能,300462
百奥泰,688177
康弘药业,002773
吉药控股,300108
立航科技,603261
双箭股份,002381
博世科,300422
埃夫特,688165
云南铜业,000878
二六三,002467
佳都科技,600728
ST龙韵,603729
新华锦,600735
中航机电,002013
豪迈科技,002595
迈瑞医疗,300760
云铝股份,000807
力星股份,300421
轻纺城,600790
国恩股份,002768
三六零,601360
同兴环保,003027
洛阳钼业,603993
吉林化纤,000420
汉钟精机,002158
江航装备,688586
丽臣实业,001218
瑞和股份,002620
理工光科,300557
科沃斯,603486
康隆达,603665
博深股份,002282
富淼科技,688350
豪悦护理,605009
紫光股份,000938
金轮股份,002722
浙农股份,002758
捷佳伟创,300724
永吉股份,603058
嘉化能源,600273
西藏天路,600326
安正时尚,603839
华伍股份,300095
咸亨国际,605056
方直科技,300235
惠城环保,300779
阳光照明,600261
正元地信,688509
青山纸业,600103
极米科技,688696
长江证券,000783
中航高科,600862
万邦德,002082
山河智能,002097
华菱线缆,001208
中电环保,300172
章源钨业,002378
炬华科技,300360
深水海纳,300961
特力Ａ,000025
海特高新,002023
维康药业,300878
东诚药业,002675
迈为股份,300751
超声电子,000823
奥特佳,002239
东湖高新,600133
翱捷科技,688220
宝钢股份,600019
德宏股份,603701
东方能源,000958
垒知集团,002398
长江通信,600345
家家悦,603708
洪兴股份,001209
康尼机电,603111
大众公用,600635
华培动力,603121
新野纺织,002087
新光光电,688011
国中水务,600187
冀凯股份,002691
丽岛新材,603937
滨化股份,601678
京新药业,002020
安诺其,300067
安靠智电,300617
中毅达,600610
澳洋健康,002172
王子新材,002735
中芯国际,688981
新筑股份,002480
太极集团,600129
花园生物,300401
君正集团,601216
恺英网络,002517
严牌股份,301081
锦和商业,603682
首药控股,688197
万润科技,002654
旭光电子,600353
长源东谷,603950
劲拓股份,300400
厦门钨业,600549
中伟股份,300919
金龙机电,300032
司尔特,002538
科隆股份,300405
克劳斯,600579
中泰证券,600918
中金岭南,000060
大连电瓷,002606
深粮控股,000019
上海石化,600688
冠捷科技,000727
蓝盾光电,300862
中色股份,000758
信维通信,300136
华鲁恒升,600426
智洋创新,688191
天元股份,003003
达刚控股,300103
尚荣医疗,002551
美盈森,002303
诺唯赞,688105
东阳光,600673
特变电工,600089
申万宏源,000166
红豆股份,600400
财通证券,601108
三生国健,688336
航民股份,600987
中国西电,601179
永新股份,002014
中国海诚,002116
长电科技,600584
惠达卫浴,603385
川发龙蟒,002312
冠豪高新,600433
蓝英装备,300293
广宇发展,000537
弘亚数控,002833
华阳新材,600281
长远锂科,688779
渝开发,000514
赛诺医疗,688108
财富趋势,688318
晨光生物,300138
博云新材,002297
华凯创意,300592
海立股份,600619
利群股份,601366
晋控电力,000767
青达环保,688501
泰永长征,002927
天源环保,301127
英特集团,000411
飞乐音响,600651
太钢不锈,000825
航发科技,600391
建霖家居,603408
苑东生物,688513
光迅科技,002281
光明乳业,600597
佛塑科技,000973
鸿远电子,603267
中国海防,600764
鲁银投资,600784
东港股份,002117
华阳国际,002949
城发环境,000885
东方材料,603110
环球印务,002799
比音勒芬,002832
圣达生物,603079
海天股份,603759
天宸股份,600620
威派格,603956
读者传媒,603999
鸿博股份,002229
国泰君安,601211
雪迪龙,002658
复洁环保,688335
美年健康,002044
林洋能源,601222
杭电股份,603618
凯发电气,300407
南网能源,003035
日出东方,603366
毅昌科技,002420
道森股份,603800
天茂集团,000627
安泰科技,000969
三鑫医疗,300453
吉视传媒,601929
塔牌集团,002233
天润乳业,600419
华依科技,688071
神通科技,605228
中工国际,002051
同仁堂,600085
万业企业,600641
航天电子,600879
斯瑞新材,688102
氯碱化工,600618
中科通达,688038
广电电气,601616
养元饮品,603156
深赛格,000058
鼎龙文化,002502
华兰生物,002007
东方精工,002611
润禾材料,300727
浙文互联,600986
远光软件,002063
金岭矿业,000655
诺普信,002215
中天火箭,003009
科信技术,300565
嘉美包装,002969
西南证券,600369
丰林集团,601996
中国广核,003816
嘉益股份,301004
金奥博,002917
汉宇集团,300403
银禧科技,300221
德创环保,603177
宇通客车,600066
艾华集团,603989
优刻得,688158
光大证券,601788
欧比特,300053
旷达科技,002516
汇鸿集团,600981
拓新药业,301089
瑞晟智能,688215
力帆科技,601777
远兴能源,000683
威唐工业,300707
新湖中宝,600208
华能国际,600011
武汉控股,600168
嘉泽新能,601619
埃斯顿,002747
旗天科技,300061
耀皮玻璃,600819
中核钛白,002145
爱施德,002416
中原内配,002448
东鹏控股,003012
春立医疗,688236
沃尔德,688028
中文传媒,600373
浙江震元,000705
中粮资本,002423
三变科技,002112
铭利达,301268
南京新百,600682
招商证券,600999
启迪药业,000590
金房节能,001210
润建股份,002929
康拓红外,300455
海泰新光,688677
顺络电子,002138
用友网络,600588
石化油服,600871
百洋医药,301015
鹏翎股份,300375
通源环境,688679
佛燃能源,002911
当代文体,600136
吉比特,603444
海兴电力,603556
福日电子,600203
星光农机,603789
安阳钢铁,600569
ST花王,603007
富佳股份,603219
科华数据,002335
兆讯传媒,301102
双环科技,000707
延安必康,002411
摩恩电气,002451
天沃科技,002564
晓程科技,300139
莱茵生物,002166
东方集团,600811
四川长虹,600839
闽东电力,000993
鲁泰Ａ,000726
顺灏股份,002565
华仁药业,300110
赢合科技,300457
西子洁能,002534
硕贝德,300322
天准科技,688003
广东鸿图,002101
金花股份,600080
海欣股份,600851
汇金股份,300368
万控智造,603070
江苏阳光,600220
光明地产,600708
海伦钢琴,300329
东鹏饮料,605499
皖通科技,002331
宁波富邦,600768
美力科技,300611
新美星,300509
中环环保,300692
獐子岛,002069
力量钻石,301071
茂化实华,000637
海源复材,002529
福达合金,603045
鸿达兴业,002002
日久光电,003015
万泽股份,000534
牧原股份,002714
蓝光发展,600466
绿城水务,601368
中航西飞,000768
同方股份,600100
江淮汽车,600418
天际股份,002759
杭萧钢构,600477
普邦股份,002663
梅安森,300275
江泉实业,600212
浙江世宝,002703
三木集团,000632
海兰信,300065
东软集团,600718
国脉科技,002093
浙大网新,600797
山东墨龙,002490
秦安股份,603758
中国电影,600977
巨轮智能,002031
国光股份,002749
景嘉微,300474
ST华鼎,601113
德联集团,002666
海利尔,603639
歌华有线,600037
中金辐照,300962
浙商证券,601878
特一药业,002728
华骐环保,300929
百普赛斯,301080
紫光国微,002049
辽宁成大,600739
和辉光电,688538
德龙汇能,000593
大东南,002263
路畅科技,002813
驰宏锌锗,600497
新奥股份,600803
中通客车,000957
时代出版,600551
中信重工,601608
顺威股份,002676
鼎胜新材,603876
启迪设计,300500
广宇集团,002133
三角轮胎,601163
东华软件,002065
顺控发展,003039
晶瑞电材,300655
华锐精密,688059
河化股份,000953
三友化工,600409
华菱精工,603356
北斗星通,002151
贝肯能源,002828
北大荒,600598
南方传媒,601900
南亚新材,688519
五矿发展,600058
太极实业,600667
金三江,301059
浙江富润,600070
中晟高科,002778
青岛双星,000599
金开新能,600821
天桥起重,002523
扬子新材,002652
奥联电子,300585
华菱钢铁,000932
华阳集团,002906
中公高科,603860
电工合金,300697
卧龙电驱,600580
利扬芯片,688135
鹭燕医药,002788
金晶科技,600586
吉林敖东,000623
波导股份,600130
南山铝业,600219
深圳燃气,601139
华脉科技,603042
晨曦航空,300581
三峡旅游,002627
兴业证券,601377
中国能建,601868
立方数科,300344
宝丽迪,300905
江天化学,300927
金龙汽车,600686
唐源电气,300789
节能风电,601016
露笑科技,002617
晶科科技,601778
康跃科技,300391
电魂网络,603258
隆华新材,301149
乐普医疗,300003
金明精机,300281
纳微科技,688690
华平股份,300074
亚邦股份,603188
浩云科技,300448
线上线下,300959
力诺特玻,301188
中国医药,600056
登海种业,002041
惠云钛业,300891
重庆建工,600939
信隆健康,002105
广电网络,600831
中国铝业,601600
博士眼镜,300622
浙江龙盛,600352
奥克股份,300082
复旦张江,688505
豫光金铅,600531
国联股份,603613
全柴动力,600218
瑞尔特,002790
若羽臣,003010
城市传媒,600229
柳工,000528
智慧农业,000816
富煌钢构,002743
睿智医药,300149
森赫股份,301056
大唐电信,600198
西部证券,002673
冠石科技,605588
完美世界,002624
美好置业,000667
万盛股份,603010
浙江鼎力,603338
罗普特,688619
华森制药,002907
海南椰岛,600238
海星股份,603115
江苏国泰,002091
格科微,688728
药明康德,603259
豫能控股,001896
森马服饰,002563
中环装备,300140
风光股份,301100
华熙生物,688363
远望谷,002161
戴维医疗,300314
西仪股份,002265
海能实业,300787
松发股份,603268
步科股份,688160
全聚德,002186
成飞集成,002190
华图山鼎,300492
同德化工,002360
津膜科技,300334
时代新材,600458
国机精工,002046
力源信息,300184
北部湾港,000582
凌钢股份,600231
西大门,605155
平潭发展,000592
仁度生物,688193
欧普康视,300595
宝胜股份,600973
东兴证券,601198
比亚迪,002594
新时达,002527
黄河旋风,600172
聚合顺,605166
华电国际,600027
上海机电,600835
国安达,300902
四方新材,605122
纽威数控,688697
中直股份,600038
瀚蓝环境,600323
莱克电气,603355
海通证券,600837
天风证券,601162
兔宝宝,002043
大富科技,300134
美畅股份,300861
盈建科,300935
方大特钢,600507
阳煤化工,600691
吉鑫科技,601218
闽发铝业,002578
捷顺科技,002609
海联讯,300277
山推股份,000680
上海凯鑫,300899
有研粉材,688456
金利华电,300069
九强生物,300406
盾安环境,002011
晶盛机电,300316
航天工程,603698
澜起科技,688008
美芝股份,002856
ST方科,600601
辰欣药业,603367
金莱特,002723
金石亚药,300434
格林精密,300968
航天晨光,600501
龙大美食,002726
兴瑞科技,002937
明新旭腾,605068
东方盛虹,000301
江南化工,002226
和科达,002816
东软载波,300183
山东华鹏,603021
广大特材,688186
兴业科技,002674
*ST松江,600225
中化国际,600500
英飞拓,002528
高德红外,002414
浙数文化,600633
南岭民爆,002096
烽火通信,600498
天富能源,600509
黄山旅游,600054
稳健医疗,300888
雪松发展,002485
时代电气,688187
移为通信,300590
中国一重,601106
锋龙股份,002931
安宁股份,002978
越秀金控,000987
科远智慧,002380
城地香江,603887
苏大维格,300331
飞凯材料,300398
金鸿顺,603922
常铝股份,002160
天润工业,002283
通鼎互联,002491
益盛药业,002566
西昌电力,600505
上海医药,601607
上海瀚讯,300762
威海广泰,002111
三德科技,300515
沐邦高科,603398
华康股份,605077
东南网架,002135
大族数控,301200
航天彩虹,002389
宝钢包装,601968
苏州科达,603660
恒邦股份,002237
沃格光电,603773
优彩资源,002998
佳讯飞鸿,300213
奥飞数据,300738
佳电股份,000922
中国银河,601881
冀东装备,000856
光洋股份,002708
晨光新材,605399
史丹利,002588
双一科技,300690
康龙化成,300759
安凯客车,000868
大西洋,600558
莱宝高科,002106
海康威视,002415
华测检测,300012
马应龙,600993
洪涛股份,002325
奥普家居,603551
百大集团,600865
红塔证券,601236
优德精密,300549
湖南海利,600731
泰坦股份,003036
金丹科技,300829
美丽生态,000010
新亚制程,002388
盟升电子,688311
立昂技术,300603
宏达电子,300726
万安科技,002590
中坚科技,002779
中科海讯,300810
中钢国际,000928
融钰集团,002622
南钢股份,600282
福龙马,603686
金圆股份,000546
三丰智能,300276
海泰科,301022
珠海冠宇,688772
华纳药厂,688799
新余国科,300722
海泰发展,600082
普门科技,688389
开普云,688228
筑博设计,300564
华泰证券,601688
好莱客,603898
银龙股份,603969
铜陵有色,000630
晶丰明源,688368
电子城,600658
东岳硅材,300821
福鞍股份,603315
友好集团,600778
富瑞特装,300228
金海高科,603311
大立科技,002214
全信股份,300447
正丹股份,300641
深南电路,002916
河钢资源,000923
人民同泰,600829
新晨科技,300542
万胜智能,300882
鑫科材料,600255
恒立液压,601100
天士力,600535
亚通股份,600692
欣旺达,300207
太龙药业,600222
首航高科,002665
汇中股份,300371
ST天圣,002872
四川九洲,000801
东方创业,600278
中炬高新,600872
仙琚制药,002332
国海证券,000750
汉王科技,002362
中铁装配,300374
方正证券,601901
和林微纳,688661
华翔股份,603112
尤安设计,300983
重庆燃气,600917
天龙集团,300063
重药控股,000950
光环新网,300383
江南高纤,600527
嘉和美康,688246
新金路,000510
莱茵体育,000558
正邦科技,002157
传艺科技,002866
金道科技,301279
西部材料,002149
世茂能源,605028
汇源通信,000586
亚太实业,000691
精锻科技,300258
金桥信息,603918
禾迈股份,688032
天能股份,688819
寒武纪,688256
达实智能,002421
万讯自控,300112
维力医疗,603309
弘宇股份,002890
同大股份,300321
巨力索具,002342
秀强股份,300160
航天动力,600343
亚世光电,002952
大华股份,002236
和顺科技,301237
海天味业,603288
中材科技,002080
精艺股份,002295
通达电气,603390
舒华体育,605299
华峰铝业,601702
海南矿业,601969
润都股份,002923
中原证券,601375
华统股份,002840
方盛制药,603998
棕榈股份,002431
鹏鹞环保,300664
华锦股份,000059
苏美达,600710
卓越新能,688196
北矿科技,600980
沃尔核材,002130
华特达因,000915
莎普爱思,603168
万顺新材,300057
万马股份,002276
世龙实业,002748
路通视信,300555
久其软件,002279
省广集团,002400
艾比森,300389
天奥电子,002935
东信和平,002017
博彦科技,002649
安彩高科,600207
永茂泰,605208
九联科技,688609
以岭药业,002603
浩通科技,301026
合兴包装,002228
智动力,300686
松芝股份,002454
盛剑环境,603324
光正眼科,002524
光韵达,300227
博晖创新,300318
马钢股份,600808
永和股份,605020
闰土股份,002440
爱康科技,002610
可靠股份,301009
青松股份,300132
北方股份,600262
欧陆通,300870
神宇股份,300563
协鑫集成,002506
雷柏科技,002577
XD奇精机,603677
维科技术,600152
二三四五,002195
山东矿机,002526
佳创视讯,300264
泽宇智能,301179
盛和资源,600392
航天电器,002025
立中集团,300428
三人行,605168
睿能科技,603933
佰奥智能,300836
上海环境,601200
白云电器,603861
深天马Ａ,000050
上工申贝,600843
运达股份,300772
上海家化,600315
江苏雷利,300660
长春燃气,600333
东晶电子,002199
民和股份,002234
思创医惠,300078
美尔雅,600107
新智认知,603869
震有科技,688418
海南橡胶,601118
赛科希德,688338
航天信息,600271
庞大集团,601258
中钢天源,002057
泰和新材,002254
银信科技,300231
浙富控股,002266
京东方Ａ,000725
硕世生物,688399
联化科技,002250
新雷能,300593
晶晨股份,688099
凤竹纺织,600493
海南海药,000566
海信家电,000921
世名科技,300522
空港股份,600463
呈和科技,688625
锦龙股份,000712
酒钢宏兴,600307
中金公司,601995
宁波高发,603788
华控赛格,000068
粤电力Ａ,000539
太平鸟,603877
力鼎光电,605118
浙江新能,600032
申联生物,688098
中信特钢,000708
荣科科技,300290
华兴源创,688001
江铃汽车,000550
正海磁材,300224
浦东金桥,600639
康惠制药,603139
智光电气,002169
宏柏新材,605366
ST九有,600462
高乐股份,002348
洁雅股份,301108
灿勤科技,688182
药易购,300937
银之杰,300085
海量数据,603138
景峰医药,000908
天孚通信,300394
中英科技,300936
大中矿业,001203
春风动力,603129
福晶科技,002222
新纶新材,002341
株冶集团,600961
云南能投,002053
星帅尔,002860
贝斯特,300580
四会富仕,300852
明牌珠宝,002574
兴民智通,002355
云内动力,000903
长龄液压,605389
中铝国际,601068
漱玉平民,301017
启明星辰,002439
康辰药业,603590
中国人寿,601628
永安林业,000663
北摩高科,002985
恒光股份,301118
中兴通讯,000063
天宇股份,300702
聚光科技,300203
南山智尚,300918
金徽股份,603132
君禾股份,603617
高新兴,300098
东睦股份,600114
*ST科迪,002770
潜能恒信,300191
五洋停车,300420
朝阳科技,002981
亚振家居,603389
伟时电子,605218
纵横股份,688070
南京聚隆,300644
金杯电工,002533
通化金马,000766
华兰股份,301093
燕麦科技,688312
蓝科高新,601798
国风新材,000859
先锋新材,300163
东方财富,300059
硅宝科技,300019
维业股份,300621
华创阳安,600155
民丰特纸,600235
聚力文化,002247
春兴精工,002547
中科创达,300496
和顺石油,603353
戎美股份,301088
芭田股份,002170
一品红,300723
贝泰妮,300957
漫步者,002351
双象股份,002395
中际联合,605305
豪尔赛,002963
通灵股份,301168
申华控股,600653
卓胜微,300782
昆药集团,600422
福成股份,600965
贝因美,002570
徕木股份,603633
华信新材,300717
博迈科,603727
迈得医疗,688310
三聚环保,300072
博创科技,300548
北汽蓝谷,600733
粤水电,002060
科大国创,300520
七彩化学,300758
博闻科技,600883
天利科技,300399
安联锐视,301042
中粮糖业,600737
川大智胜,002253
声迅股份,003004
云涌科技,688060
内蒙新华,603230
惠程科技,002168
天汽模,002510
永安行,603776
华秦科技,688281
深科技,000021
宝馨科技,002514
宝利国际,300135
利亚德,300296
上海电力,600021
孚能科技,688567
鹏欣资源,600490
丰原药业,000153
美亚柏科,300188
健之佳,605266
本钢板材,000761
今创集团,603680
金浦钛业,000545
隆利科技,300752
彩虹股份,600707
朗玛信息,300288
声光电科,600877
力芯微,688601
中海达,300177
良信股份,002706
麦克奥迪,300341
顺网科技,300113
万东医疗,600055
华体科技,603679
景兴纸业,002067
艾隆科技,688329
中国长城,000066
金通灵,300091
博威合金,601137
森霸传感,300701
保龄宝,002286
高争民爆,002827
芒果超媒,300413
隆平高科,000998
浙江众成,002522
海特生物,300683
中光学,002189
鲁北化工,600727
GQY视讯,300076
宇瞳光学,300790
恒通股份,603223
联瑞新材,688300
锦富技术,300128
黑牡丹,600510
河钢股份,000709
网宿科技,300017
汇宇制药,688553
交大思诺,300851
钱江水利,600283
金固股份,002488
新产业,300832
国新文化,600636
浪潮软件,600756
铜峰电子,600237
吉华集团,603980
华天酒店,000428
*ST金洲,000587
北化股份,002246
大烨智能,300670
中泰股份,300435
光威复材,300699
建工修复,300958
宝塔实业,000595
海尔智家,600690
嘉欣丝绸,002404
健帆生物,300529
新坐标,603040
帝欧家居,002798
万兴科技,300624
利欧股份,002131
瑞凌股份,300154
聚杰微纤,300819
天药股份,600488
国信证券,002736
美凯龙,601828
百合花,603823
中光防雷,300414
理工导航,688282
四川金顶,600678
金时科技,002951
紫晶存储,688086
山东药玻,600529
广和通,300638
东旭光电,000413
奥拓电子,002587
阳谷华泰,300121
强力新材,300429
创业黑马,300688
梦百合,603313
天微电子,688511
福能股份,600483
鹿山新材,603051
吉大通信,300597
大宏立,300865
恒天海龙,000677
新天药业,002873
科创新源,300731
壹网壹创,300792
高伟达,300465
华西股份,000936
仙坛股份,002746
数码视讯,300079
汉邦高科,300449
荣泰健康,603579
容百科技,688005
新乳业,002946
蜀道装备,300540
杰美特,300868
悦达投资,600805
东威科技,688700
中国海油,600938
天瑞仪器,300165
均胜电子,600699
富临运业,002357
爱乐达,300696
中国宝安,000009
珠江股份,600684
亚光科技,300123
皓元医药,688131
海鸥住工,002084
万年青,000789
昌红科技,300151
振东制药,300158
亚星客车,600213
金一文化,002721
蓝帆医疗,002382
超华科技,002288
东风股份,601515
伟明环保,603568
富春股份,300299
海波重科,300517
芯能科技,603105
茶花股份,603615
唯科科技,301196
美思德,603041
江苏北人,688218
华力创通,300045
洲明科技,300232
科思股份,300856
东方通信,600776
动力源,600405
亚星锚链,601890
同力日升,605286
云南锗业,002428
芯导科技,688230
华瑞股份,300626
海正药业,600267
先惠技术,688155
湖南黄金,002155
新农开发,600359
华鑫股份,600621
濮阳惠成,300481
先河环保,300137
科泰电源,300153
捷成股份,300182
兆龙互连,300913
概伦电子,688206
迦南科技,300412
大恒科技,600288
仁东控股,002647
神奇制药,600613
润和软件,300339
华灿光电,300323
香飘飘,603711
爱科科技,688092
博敏电子,603936
中电电机,603988
天合光能,688599
东旭蓝天,000040
张家界,000430
宝新能源,000690
法尔胜,000890
共达电声,002655
捷昌驱动,603583
普元信息,688118
振德医疗,603301
统联精密,688210
华胜天成,600410
广哈通信,300711
兆威机电,003021
诚迈科技,300598
泰瑞机器,603289
华帝股份,002035
银江技术,300020
龙利得,300883
珠江钢琴,002678
向日葵,300111
初灵信息,300250
新疆众和,600888
国芯科技,688262
通润装备,002150
太安堂,002433
新炬网络,605398
韶钢松山,000717
捷捷微电,300623
岱勒新材,300700
软通动力,301236
松霖科技,603992
智云股份,300097
晶华新材,603683
三雄极光,300625
贵广网络,600996
朗科智能,300543
三达膜,688101
深纺织Ａ,000045
祖名股份,003030
金龙鱼,300999
长江健康,002435
美康生物,300439
峨眉山Ａ,000888
方正电机,002196
经纬辉开,300120
东亚机械,301028
圣元环保,300867
天秦装备,300922
三钢闽光,002110
盛通股份,002599
华利集团,300979
洪汇新材,002802
长盈精密,300115
宁波色母,301019
TCL科技,000100
红宝丽,002165
柘中股份,002346
东江环保,002672
金冠电气,688517
安迪苏,600299
浙江自然,605080
新北洋,002376
*ST金刚,300064
中马传动,603767
凯众股份,603037
华西证券,002926
美晨生态,300237
新朋股份,002328
报喜鸟,002154
华银电力,600744
富奥股份,000030
和顺电气,300141
卓易信息,688258
中建环能,300425
日丰股份,002953
太辰光,300570
东宏股份,603856
京沪高铁,601816
梦网科技,002123
振华科技,000733
朗博科技,603655
九安医疗,002432
中密控股,300470
大港股份,002077
中源家居,603709
新宙邦,300037
味知香,605089
三湘印象,000863
富祥药业,300497
星辉环材,300834
维信诺,002387
蓝海华腾,300484
石基信息,002153
达嘉维康,301126
上海贝岭,600171
志特新材,300986
中信建投,601066
光弘科技,300735
锐奇股份,300126
华峰超纤,300180
润邦股份,002483
东方电子,000682
横河精密,300539
国光电器,002045
中贝通信,603220
瑞贝卡,600439
大北农,002385
光智科技,300489
七一二,603712
大智慧,601519
法本信息,300925
富春环保,002479
爱克股份,300889
延华智能,002178
利民股份,002734
葵花药业,002737
丽江股份,002033
青岛金王,002094
壹石通,688733
神马电力,603530
丸美股份,603983
传智教育,003032
博汇科技,688004
浩丰科技,300419
创业慧康,300451
长江材料,001296
新化股份,603867
神农集团,605296
海峡创新,300300
良品铺子,603719
深桑达Ａ,000032
蔚蓝生物,603739
正弦电气,688395
滨海能源,000695
快意电梯,002774
东风科技,600081
九洲集团,300040
京基智农,000048
四维图新,002405
建科院,300675
金河生物,002688
金财互联,002530
百达精工,603331
恒宝股份,002104
八一钢铁,600581
新钢股份,600782
诚志股份,000990
多氟多,002407
联创股份,300343
中金黄金,600489
信息发展,300469
鸿富瀚,301086
宁波海运,600798
数据港,603881
通达股份,002560
大全能源,688303
东芯股份,688110
久远银海,002777
香山股份,002870
吉大正元,003029
开勒股份,301070
天和防务,300397
ST西源,600139
德展健康,000813
机器人,300024
南新制药,688189
中鼎股份,000887
苏州固锝,002079
高凌信息,688175
同花顺,300033
天阳科技,300872
金达威,002626
首都在线,300846
盛洋科技,603703
三全食品,002216
炬芯科技,688049
泰山石油,000554
麒盛科技,603610
纬德信息,688171
胜利股份,000407
全通教育,300359
安科瑞,300286
时空科技,605178
中孚信息,300659
金田铜业,601609
恒泰艾普,300157
福能东方,300173
通业科技,300960
明志科技,688355
农尚环境,300536
伊戈尔,002922
龙源技术,300105
*ST网力,300367
吉宏股份,002803
祥生医疗,688358
精准信息,300099
三元股份,600429
法狮龙,605318
广博股份,002103
同庆楼,605108
扬杰科技,300373
亚士创能,603378
科陆电子,002121
金冠股份,300510
新天然气,603393
掌阅科技,603533
科大讯飞,002230
中衡设计,603017
诺邦股份,603238
四通股份,603838
康强电子,002119
凯淳股份,301001
东来技术,688129
温氏股份,300498
强瑞技术,301128
水发燃气,603318
福莱蒽特,605566
康平科技,300907
金鹰重工,301048
赛摩智能,300466
正元智慧,300645
宝明科技,002992
锦盛新材,300849
欧菲光,002456
联诚精密,002921
金盘科技,688676
华神科技,000790
国民技术,300077
通光线缆,300265
科力尔,002892
艾可蓝,300816
光云科技,688365
卫宁健康,300253
伊之密,300415
欣贺股份,003016
开山股份,300257
开创国际,600097
振邦智能,003028
大为股份,002213
中体产业,600158
开元教育,300338
艾德生物,300685
恒而达,300946
药石科技,300725
金贵银业,002716
欧派家居,603833
顺钠股份,000533
和晶科技,300279
南大光电,300346
经纬纺机,000666
康恩贝,600572
德方纳米,300769
科大智能,300222
申昊科技,300853
三星新材,603578
威奥股份,605001
钢研高纳,300034
岭南股份,002717
财达证券,600906
春光科技,603657
鸣志电器,603728
圣湘生物,688289
军信股份,301109
五洲特纸,605007
云海金属,002182
双杰电气,300444
德生科技,002908
龙江交通,601188
中嘉博创,000889
久量股份,300808
申科股份,002633
东方电热,300217
青鸟消防,002960
矩子科技,300802
济川药业,600566
奥士康,002913
小康股份,601127
福莱新材,605488
泰禾集团,000732
人民网,603000
宏辉果蔬,603336
常山药业,300255
理邦仪器,300206
瑞鹄模具,002997
德艺文创,300640
玲珑轮胎,601966
文山电力,600995
千方科技,002373
美锦能源,000723
科前生物,688526
积成电子,002339
洁美科技,002859
拉卡拉,300773
万马科技,300698
创新医疗,002173
艾迪药业,688488
星网宇达,002829
美吉姆,002621
恒华科技,300365
汇金科技,300561
测绘股份,300826
软控股份,002073
大地熊,688077
哈工智能,000584
捷安高科,300845
京能置业,600791
中亚股份,300512
泰嘉股份,002843
志邦家居,603801
安妮股份,002235
麦趣尔,002719
中岩大地,003001
天源迪科,300047
国网英大,600517
天赐材料,002709
天银机电,300342
澄天伟业,300689
创世纪,300083
品高股份,688227
同兴达,002845
西宁特钢,600117
华茂股份,000850
长城证券,002939
易联众,300096
航新科技,300424
阿石创,300706
威高骨科,688161
中航重机,600765
新瀚新材,301076
长白山,603099
亚盛集团,600108
康普顿,603798
安达维尔,300719
广田集团,002482
熙菱信息,300588
能辉科技,301046
长信科技,300088
双环传动,002472
海默科技,300084
迪威迅,300167
永清环保,300187
国星光电,002449
国元证券,000728
文科园林,002775
透景生命,300642
柯力传感,603662
岩石股份,600696
渤海化学,600800
新洁能,605111
泰达股份,000652
众信旅游,002707
长盛轴承,300718
迈拓股份,301006
金力永磁,300748
科汇股份,688681
深圳华强,000062
优博讯,300531
中际旭创,300308
山河药辅,300452
出版传媒,601999
晶方科技,603005
东亚药业,605177
克明食品,002661
巨人网络,002558
华润微,688396
丰山集团,603810
中设股份,002883
三友联众,300932
利和兴,301013
创源股份,300703
尖峰集团,600668
雷赛智能,002979
三诺生物,300298
华宝股份,300741
锦泓集团,603518
天邦股份,002124
双塔食品,002481
九号公司,689009
一鸣食品,605179
罗牛山,000735
沃华医药,002107
铭普光磁,002902
爱博医疗,688050
维尔利,300190
风语筑,603466
奥特维,688516
海马汽车,000572
正虹科技,000702
海航科技,600751
汉嘉设计,300746
凯盛科技,600552
雷曼光电,300162
鲍斯股份,300441
ST瀚叶,600226
微芯生物,688321
至正股份,603991
国新健康,000503
中公教育,002607
大洋电机,002249
亿通科技,300211
中国软件,600536
广晟有色,600259
凌志软件,688588
雪峰科技,603227
天迈科技,300807
齐峰新材,002521
武进不锈,603878
读客文化,301025
胜蓝股份,300843
雄韬股份,002733
爱迪尔,002740
新国脉,600640
有方科技,688159
弘讯科技,603015
西安饮食,000721
永利股份,300230
南风股份,300004
老凤祥,600612
游族网络,002174
铜冠铜箔,301217
康众医疗,688607
唐人神,002567
中国电研,688128
航天发展,000547
悦安新材,688786
凯龙高科,300912
钢研纳克,300797
先锋电子,002767
方大集团,000055
金字火腿,002515
宝光股份,600379
妙可蓝多,600882
拱东医疗,605369
珠海中富,000659
新乡化纤,000949
赛特新材,688398
榕基软件,002474
明月镜片,301101
内蒙一机,600967
青云科技,688316
川润股份,002272
三川智慧,300066
瑞丰高材,300243
科顺股份,300737
三维股份,603033
成都先导,688222
创识科技,300941
宇环数控,002903
明阳智能,601615
兰石重装,603169
三超新材,300554
豆神教育,300010
南兴股份,002757
科瑞技术,002957
久吾高科,300631
绿盟科技,300369
康斯特,300445
普利制药,300630
迦南智能,300880
气派科技,688216
锦浪科技,300763
澳华内镜,688212
凯尔达,688255
阳普医疗,300030
九鼎投资,600053
新柴股份,301032
澳弘电子,605058
迪森股份,300335
易尚展示,002751
德赛西威,002920
生物股份,600201
棒杰股份,002634
米奥会展,300795
国盾量子,688027
科华生物,002022
宇顺电子,002289
迪普科技,300768
宜华健康,000150
英唐智控,300131
田中精机,300461
雷尔伟,301016
密封科技,301020
航天长峰,600855
曼卡龙,300945
信捷电气,603416
凤形股份,002760
五方光电,002962
聚灿光电,300708
南凌科技,300921
博众精工,688097
梅轮电梯,603321
威腾电气,688226
冠盛股份,605088
崇达技术,002815
凯因科技,688687
芯瑞达,002983
江南奕帆,301023
华策影视,300133
宏达新材,002211
青岛中程,300208
千味央厨,001215
加加食品,002650
悦心健康,002162
沙钢股份,002075
上海钢联,300226
东瑞股份,001201
恒立实业,000622
英飞特,300582
乐山电力,600644
爱普股份,603020
爱慕股份,603511
立霸股份,603519
粤万年青,301111
风范股份,601700
中京电子,002579
仟源医药,300254
网达软件,603189
瑞华泰,688323
金博股份,688598
凯普生物,300639
恒银科技,603106
姚记科技,002605
中大力德,002896
鼎龙股份,300054
科融环境,300152
富士莱,301258
新劲刚,300629
宇信科技,300674
甘李药业,603087
海陆重工,002255
云赛智联,600602
中石科技,300684
春晖智控,300943
电科数字,600850
正平股份,603843
德迈仕,301007
佳力图,603912
森林包装,605500
瑞联新材,688550
新华都,002264
莱绅通灵,603900
中国中期,000996
分众传媒,002027
华录百纳,300291
德利股份,605198
汤姆猫,300459
龙津药业,002750
士兰微,600460
华媒控股,000607
圣农发展,002299
联泓新科,003022
达意隆,002209
九芝堂,000989
无锡振华,605319
常熟汽饰,603035
宁波华翔,002048
嘉寓股份,300117
零点有数,301169
丽珠集团,000513
金富科技,003018
奇安信,688561
新希望,000876
喜悦智行,301198
新华医疗,600587
超图软件,300036
中旗股份,300575
东土科技,300353
中科信息,300678
江苏吴中,600200
亨迪药业,301211
上海三毛,600689
中环海陆,301040
英可瑞,300713
华通线缆,605196
冰轮环境,000811
倍加洁,603059
贝瑞基因,000710
昆仑万维,300418
新大陆,000997
京粮控股,000505
中船应急,300527
飞鹿股份,300665
启明信息,002232
翔丰华,300890
美利云,000815
常山北明,000158
征和工业,003033
韦尔股份,603501
沪硅产业,688126
银河微电,688689
惠天热电,000692
上海新阳,300236
盛达资源,000603
万凯新材,301216
众兴菌业,002772
博亚精工,300971
威胜信息,688100
楚江新材,002171
台基股份,300046
大族激光,002008
国际实业,000159
广济药业,000952
莱美药业,300006
金种子酒,600199
华嵘控股,600421
光力科技,300480
设计总院,603357
隆盛科技,300680
中辰股份,300933
星云股份,300648
上海梅林,600073
杭州柯林,688611
中恒电气,002364
华峰测控,688200
*ST宝德,300023
宏微科技,688711
中信出版,300788
陕西黑猫,601015
科力远,600478
宝兰德,688058
三七互娱,002555
协和电子,605258
科新机电,300092
葫芦娃,605199
亿利达,002686
华绿生物,300970
昊海生科,688366
*ST圣亚,600593
三六五网,300295
英派斯,002899
荣联科技,002642
建研院,603183
北信源,300352
海川智能,300720
浙文影业,601599
迪贝电气,603320
宝钛股份,600456
精研科技,300709
山西焦化,600740
九阳股份,002242
山东威达,002026
天康生物,002100
广日股份,600894
厚普股份,300471
中科云网,002306
天成自控,603085
中闽能源,600163
雷迪克,300652
均普智能,688306
慈星股份,300307
精测电子,300567
格尔软件,603232
中瓷电子,003031
中新赛克,002912
新日股份,603787
英洛华,000795
中锐股份,002374
邵阳液压,301079
上能电气,300827
永和智控,002795
锐明技术,002970
华闻集团,000793
奕东电子,301123
动力新科,600841
华瓷股份,001216
永鼎股份,600105
黑芝麻,000716
金新农,002548
新疆天业,600075
电科院,300215
百龙创园,605016
科蓝软件,300663
天正电气,605066
盛天网络,300494
齐心集团,002301
万里马,300591
中国武夷,000797
理工能科,002322
天山铝业,002532
电声股份,300805
派克新材,605123
东方银星,600753
成都燃气,603053
淳中科技,603516
深天地Ａ,000023
北纬科技,002148
大连重工,002204
帅丰电器,605336
和而泰,002402
朗特智能,300916
家联科技,301193
新安股份,600596
派生科技,300176
亨通光电,600487
韵达股份,002120
瑞丰新材,300910
英维克,002837
东方时尚,603377
天津普林,002134
亿联网络,300628
公元股份,002641
亚太药业,002370
祥源新材,300980
爱婴室,603214
正裕工业,603089
至纯科技,603690
纳尔股份,002825
谱尼测试,300887
湘财股份,600095
安博通,688168
万达信息,300168
申菱环境,301018
英联股份,002846
杭可科技,688006
杰创智能,301248
友讯达,300514
元成股份,603388
朗迪集团,603726
铁流股份,603926
海利生物,603718
朗进科技,300594
普源精电,688337
南都电源,300068
美迪凯,688079
农发种业,600313
道明光学,002632
中国黄金,600916
果麦文化,301052
延江股份,300658
安硕信息,300380
百合股份,603102
生意宝,002095
恒润股份,603985
东宝生物,300239
安达智能,688125
起帆电缆,605222
宁波富达,600724
特宝生物,688278
广联达,002410
上海物贸,600822
通源石油,300164
雅本化学,300261
利君股份,002651
精伦电子,600355
臻镭科技,688270
碳元科技,603133
思美传媒,002712
深康佳Ａ,000016
开能健康,300272
高铁电气,688285
昇辉科技,300423
中广天择,603721
惠伦晶体,300460
福建金森,002679
世嘉科技,002796
吴通控股,300292
亚玛顿,002623
司太立,603520
科士达,002518
上海电影,601595
实朴检测,301228
浙江医药,600216
宇通重工,600817
宁波东力,002164
百亚股份,003006
第一创业,002797
本立科技,301065
华润材料,301090
隆华科技,300263
万祥科技,301180
云路股份,688190
铜牛信息,300895
赛伦生物,688163
上海沪工,603131
亿华通,688339
中控技术,688777
保利联合,002037
银邦股份,300337
国联水产,300094
合肥城建,002208
物产环能,603071
云鼎科技,000409
安井食品,603345
伟星新材,002372
昇兴股份,002752
北方华创,002371
中科曙光,603019
镇海股份,603637
立昂微,605358
大地海洋,301068
国机通用,600444
中天科技,600522
金信诺,300252
安克创新,300866
海天瑞声,688787
爱旭股份,600732
科兴制药,688136
返利科技,600228
宏润建设,002062
飞利信,300287
华金资本,000532
好想你,002582
泰胜风能,300129
金运激光,300220
天音控股,000829
昂立教育,600661
郑中设计,002811
和仁科技,300550
中科星图,688568
信雅达,600571
赛腾股份,603283
思林杰,688115
德赛电池,000049
清水源,300437
仙乐健康,300791
西菱动力,300733
北方稀土,600111
万达电影,002739
四方精创,300468
三峡水利,600116
图南股份,300855
拓尔思,300229
中科微至,688211
中信博,688408
本川智能,300964
野马电池,605378
湘佳股份,002982
奕瑞科技,688301
乐心医疗,300562
哈投股份,600864
奋达科技,002681
四方达,300179
开尔新材,300234
大叶股份,300879
正川股份,603976
康希诺,688185
明冠新材,688560
迪威尔,688377
南微医学,688029
*ST中基,000972
高澜股份,300499
宝鹰股份,002047
建龙微纳,688357
争光股份,301092
创益通,300991
青木股份,301110
东方网络,002175
爱柯迪,600933
欣天科技,300615
瑞康医药,002589
中核科技,000777
迅游科技,300467
浙江永强,002489
振华新材,688707
数字政通,300075
帝科股份,300842
天宜上佳,688033
溢多利,300381
联赢激光,688518
山大地纬,688579
唯赛勃,688718
荣丰控股,000668
心脉医疗,688016
法拉电子,600563
镇洋发展,603213
李子园,605337
云意电气,300304
龙软科技,688078
联得装备,300545
派瑞股份,300831
同飞股份,300990
中银绒业,000982
煌上煌,002695
光庭信息,301221
海峡环保,603817
新点软件,688232
千金药业,600479
金钟股份,301133
金陵饭店,601007
横店影视,603103
金山股份,600396
西安旅游,000610
海得控制,002184
信安世纪,688201
金春股份,300877
鸿泉物联,688288
学大教育,000526
苏博特,603916
长光华芯,688048
久之洋,300516
三安光电,600703
智飞生物,300122
长亮科技,300348
狄耐克,300884
大丰实业,603081
巴比食品,605338
虹软科技,688088
和远气体,002971
思特奇,300608
兆丰股份,300695
五洲新春,603667
汉威科技,300007
联测科技,688113
同为股份,002835
新风光,688663
美邦服饰,002269
贵州三力,603439
东杰智能,300486
星湖科技,600866
迪生力,603335
福昕软件,688095
昭衍新药,603127
景旺电子,603228
中航光电,002179
天舟文化,300148
恒信东方,300081
博通集成,603068
明微电子,688699
沃特股份,002886
工大高科,688367
智度股份,000676
锌业股份,000751
北京利尔,002392
柏楚电子,688188
兆易创新,603986
中视传媒,600088
南京公用,000421
金健米业,600127
香雪制药,300147
黄山胶囊,002817
浪潮信息,000977
楚天龙,003040
银星能源,000862
超越科技,301049
显盈科技,301067
正业科技,300410
璞泰来,603659
腾信股份,300392
首华燃气,300483
贝仕达克,300822
真视通,002771
昊华科技,600378
瑞纳智能,301129
太阳能,000591
京北方,002987
任子行,300311
甬金股份,603995
天邑股份,300504
拓荆科技,688072
辽宁能源,600758
南宁百货,600712
元隆雅图,002878
广西广电,600936
交控科技,688015
证通电子,002197
回盛生物,300871
华立科技,301011
柯利达,603828
洛凯股份,603829
金发拉比,002762
雪浪环境,300385
川环科技,300547
百川畅银,300614
健民集团,600976
天创时尚,603608
中润资源,000506
恒星科技,002132
国机汽车,600335
东箭科技,300978
凌霄泵业,002884
中利集团,002309
巨星农牧,603477
同有科技,300302
博腾股份,300363
盛弘股份,300693
值得买,300785
苏泊尔,002032
三孚新科,688359
奇德新材,300995
嘉澳环保,603822
金陵体育,300651
建业股份,603948
阳光电源,300274
星徽股份,300464
中国汽研,601965
东华测试,300354
宏达股份,600331
润达医疗,603108
众源新材,603527
远信工业,301053
西藏旅游,600749
南华期货,603093
银轮股份,002126
数字认证,300579
顾家家居,603816
博力威,688345
迎丰股份,605055
京能电力,600578
华亚智能,003043
精达股份,600577
引力传媒,603598
诚达药业,301201
山东黄金,600547
奥福环保,688021
双汇发展,000895
金盾股份,300411
*ST达志,300530
江南水务,601199
桂林旅游,000978
北新路桥,002307
沪电股份,002463
茂硕电源,002660
义翘神州,301047
丝路视觉,300556
康泰生物,300601
合盛硅业,603260
盛航股份,001205
雪人股份,002639
上海艾录,301062
激智科技,300566
常宝股份,002478
新开普,300248
西部牧业,300106
西王食品,000639
安源煤业,600397
杰赛科技,002544
劲嘉股份,002191
上海洗霸,603200
国瑞科技,300600
开立医疗,300633
博瑞传播,600880
西部黄金,601069
菲林格尔,603226
赛伍技术,603212
华特气体,688268
南京证券,601990
昂利康,002940
跃岭股份,002725
翠微股份,603123
泰晶科技,603738
兴源环境,300266
伊力特,600197
好当家,600467
沪光股份,605333
倍轻松,688793
电光科技,002730
华旺科技,605377
金诚信,603979
红日药业,300026
尔康制药,300267
爱尔眼科,300015
惠博普,002554
乔治白,002687
正强股份,301119
第一医药,600833
艾为电子,688798
天下秀,600556
兴通股份,603209
光库科技,300620
京蓝科技,000711
倍杰特,300774
东方雨虹,002271
福蓉科技,603327
日盈电子,603286
长缆科技,002879
信濠光电,301051
荣晟环保,603165
国林科技,300786
神驰机电,603109
康冠科技,001308
天禄科技,301045
汇通集团,603176
怡合达,301029
盛屯矿业,600711
欣锐科技,300745
多伦科技,603528
山石网科,688030
盐津铺子,002847
莱伯泰科,688056
地素时尚,603587
中曼石油,603619
三特索道,002159
明阳电路,300739
何氏眼科,301103
昊志机电,300503
福安药业,300194
南天信息,000948
唐德影视,300426
宜通世纪,300310
纵横通信,603602
会畅通讯,300578
新华网,603888
金山办公,688111
金宏气体,688106
海达股份,300320
聚辰股份,688123
甘化科工,000576
博通股份,600455
豫园股份,600655
英威腾,002334
金溢科技,002869
鸥玛软件,301185
迈赫股份,301199
中路股份,600818
掌趣科技,300315
宝色股份,300402
华扬联众,603825
蓝思科技,300433
弘信电子,300657
德尔股份,300473
联合光电,300691
标榜股份,301181
超捷股份,301005
*ST西发,000752
新锐股份,688257
*ST晨鑫,002447
搜于特,002503
新国都,300130
锐新科技,300828
金雷股份,300443
运机集团,001288
酷特智能,300840
鹏都农牧,002505
南侨食品,605339
国立科技,300716
精进电动,688280
多瑞医药,301075
博迁新材,605376
腾景科技,688195
中触媒,688267
伟隆股份,002871
芯原股份,688521
鼎捷软件,300378
嵘泰股份,605133
黑猫股份,002068
长方集团,300301
大秦铁路,601006
超讯通信,603322
伊利股份,600887
天能重工,300569
每日互动,300766
联科科技,001207
中宠股份,002891
力合科创,002243
佳缘科技,301117
中青宝,300052
建研设计,301167
嘉元科技,688388
和元生物,688238
益佰制药,600594
飞荣达,300602
力合科技,300800
苏交科,300284
展鹏科技,603488
盈趣科技,002925
承德露露,000848
海联金汇,002537
品茗股份,688109
赛微电子,300456
海辰药业,300584
华锋股份,002806
台海核电,002366
陇神戎发,300534
三环集团,300408
兆日科技,300333
天永智能,603895
新易盛,300502
岱美股份,603730
君实生物,688180
兆新股份,002256
屹通新材,300930
麦捷科技,300319
日海智能,002313
天奈科技,688116
华林证券,002945
冠昊生物,300238
万集科技,300552
迈普医学,301033
道通科技,688208
龙腾光电,688055
红墙股份,002809
爱司凯,300521
卡倍亿,300863
名雕股份,002830
林海股份,600099
伯特利,603596
口子窖,603589
依米康,300249
固德威,688390
易事特,300376
汇创达,300909
乾照光电,300102
南宁糖业,000911
益生股份,002458
南华仪器,300417
上海凯宝,300039
银河磁体,300127
三利谱,002876
通富微电,002156
设研院,300732
维宏股份,300508
文投控股,600715
永冠新材,603681
亚翔集成,603929
意华股份,002897
盛德鑫泰,300881
申达股份,600626
瑞普生物,300119
森远股份,300210
汇顶科技,603160
均瑶健康,605388
阿尔特,300825
爱丽家居,603221
健盛集团,603558
左江科技,300799
宝通科技,300031
因赛集团,300781
道道全,002852
兄弟科技,002562
广东骏亚,603386
罗博特科,300757
东航物流,601156
金埔园林,301098
晶雪节能,301010
桃李面包,603866
皮阿诺,002853
宜安科技,300328
华研精机,301138
闻泰科技,600745
映翰通,688080
川仪股份,603100
天益医疗,301097
新赛股份,600540
视觉中国,000681
中原环保,000544
金马游乐,300756
巨星科技,002444
苏文电能,300982
复旦微电,688385
欣龙控股,000955
荃银高科,300087
仲景食品,300908
佳发教育,300559
中汽股份,301215
凯撒旅业,000796
盘龙药业,002864
朗新科技,300682
华安鑫创,300928
汇金通,603577
三联虹普,300384
天岳先进,688234
航宇科技,688239
准油股份,002207
华融化学,301256
江中药业,600750
集友股份,603429
石头科技,688169
金石资源,603505
诚意药业,603811
合富中国,603122
惠威科技,002888
芯海科技,688595
天泽信息,300209
实丰文化,002862
宁波联合,600051
长城科技,603897
泉峰汽车,603982
杭叉集团,603298
爱朋医疗,300753
秦川物联,688528
美格智能,002881
华尔泰,001217
神州信息,000555
华立股份,603038
华斯股份,002494
大有能源,600403
世运电路,603920
ST金正,002470
观想科技,301213
东方国信,300166
三只松鼠,300783
敦煌种业,600354
神思电子,300479
神剑股份,002361
万向德农,600371
汇纳科技,300609
润欣科技,300493
开润股份,300577
达威股份,300535
普莱柯,603566
华宇软件,300271
浙江恒威,301222
佳云科技,300242
集智股份,300553
万邦达,300055
广东宏大,002683
招标股份,301136
克来机电,603960
科威尔,688551
阿拉丁,688179
新莱应材,300260
九华旅游,603199
运达科技,300440
骏成科技,301106
东微半导,688261
拓邦股份,002139
欢乐家,300997
瑞德智能,301135
得利斯,002330
深信服,300454
天安新材,603725
天马科技,603668
盈康生命,300143
赢时胜,300377
锐科激光,300747
美盛文化,002699
京城股份,600860
东易日盛,002713
易天股份,300812
当虹科技,688039
熊猫乳品,300898
友发集团,601686
舒泰神,300204
峰岹科技,688279
凯盛新材,301069
天普股份,605255
全筑股份,603030
太龙股份,300650
杭州园林,300649
锋尚文化,300860
云南旅游,002059
佩蒂股份,300673
永贵电器,300351
雄塑科技,300599
中再资环,600217
凯旺科技,301182
智能自控,002877
凯文教育,002659
北特科技,603009
青龙管业,002457
江苏索普,600746
宁波能源,600982
南威软件,603636
尚品宅配,300616
肇民科技,301000
翰宇药业,300199
健友股份,603707
霍普股份,301024
立华股份,300761
万孚生物,300482
湘油泵,603319
银泰黄金,000975
百克生物,688276
巨一科技,688162
东方中科,002819
智明达,688636
恒铭达,002947
南京化纤,600889
天壕环境,300332
百邦科技,300736
凯赛生物,688065
中银证券,601696
奥尼电子,301189
欢瑞世纪,000892
金证股份,600446
远方信息,300306
中自科技,688737
佳禾食品,605300
成大生物,688739
乐歌股份,300729
德石股份,301158
春雪食品,605567
鼎阳科技,688112
青海春天,600381
绿岛风,301043
苏垦农发,601952
大湖股份,600257
金现代,300830
远东传动,002406
凯撒文化,002425
世纪华通,002602
ST通葡,600365
ST林重,002535
海南瑞泽,002596
达瑞电子,300976
精华制药,002349
长阳科技,688299
杰普特,688025
海创药业,688302
松炀资源,603863
宁德时代,300750
众合科技,000925
川网传媒,300987
朗姿股份,002612
贵航股份,600523
英集芯,688209
三维天地,301159
江苏博云,301003
中能电气,300062
天喻信息,300205
怡球资源,601388
岭南控股,000524
易瑞生物,300942
先进数通,300541
博睿数据,688229
仁智股份,002629
直真科技,003007
中成股份,000151
普洛药业,000739
安洁科技,002635
亚辉龙,688575
超达装备,301186
税友股份,603171
烽火电子,000561
智莱科技,300771
日月股份,603218
纽泰格,301229
英搏尔,300681
松井股份,688157
孩子王,301078
国网信通,600131
北巴传媒,600386
*ST中迪,000609
西麦食品,002956
广电计量,002967
金科环境,688466
中颖电子,300327
拉芳家化,603630
中胤时尚,300901
龙源电力,001289
凯莱英,002821
海锅股份,301063
太阳电缆,002300
宋都股份,600077
苏盐井神,603299
雄帝科技,300546
鼎通科技,688668
越博动力,300742
*ST百花,600721
共同药业,300966
仙鹤股份,603733
卫士通,002268
大禹节水,300021
*ST中天,600856
纳芯微,688052
津荣天宇,300988
恒玄科技,688608
鸿利智汇,300219
温州宏丰,300283
德固特,300950
天娱数科,002354
天龙股份,603266
豪能股份,603809
指南针,300803
甘咨询,000779
京泉华,002885
奥雅设计,300949
药康生物,688046
万通智控,300643
*ST索菱,002766
新力金融,600318
顶固集创,300749
日播时尚,603196
国茂股份,603915
普丽盛,300442
联明股份,603006
光峰科技,688007
有研新材,600206
德尔未来,002631
新华百货,600785
*ST中房,600890
卓然股份,688121
中旗新材,001212
晓鸣股份,300967
维远股份,600955
火星人,300894
恒锋信息,300605
亚康股份,301085
风华高科,000636
哈焊华通,301137
*ST昌鱼,600275
万辰生物,300972
彤程新材,603650
*ST当代,000673
海欣食品,002702
傲农生物,603363
*ST西域,300859
沧州明珠,002108
东华能源,002221
兰卫医学,301060
雅创电子,301099
易华录,300212
德昌股份,605555
博杰股份,002975
惠发食品,603536
龙磁科技,300835
ST辅仁,600781
天玑科技,300245
菲利华,300395
大元泵业,603757
霍莱沃,688682
宏达高科,002144
敏芯股份,688286
丽人丽妆,605136
*ST金泰,600385
宏和科技,603256
雅克科技,002409
ST中昌,600242
中水渔业,000798
*ST新光,002147
古鳌科技,300551
通策医疗,600763
佳禾智能,300793
ST时万,600241
北玻股份,002613
英科医疗,300677
远大智能,002689
方邦股份,688020
传音控股,688036
罗平锌电,002114
经纬恒润,688326
*ST天首,000611
ST星源,000005
*ST丹邦,002618
旋极信息,300324
平治信息,300571
睿创微纳,688002
致远互联,688369
*ST运盛,600767
*ST绿景,000502
普冉股份,688766
赛微微电,688325
*ST众应,002464
*ST围海,002586
国盛金控,002670
ST奇信,002781
永福股份,300712
泰格医药,300347
*ST科林,002499
金卡智能,300349
双飞股份,300817
海德股份,000567
捷荣技术,002855
*ST罗顿,600209
全志科技,300458
浩物股份,000757
晨丰科技,603685
佳华科技,688051
拓日新能,002218
南纺股份,600250
*ST圣莱,002473
华蓝集团,301027
天亿马,301178
*ST天成,600112
*ST厦华,600870
奥飞娱乐,002292
哈三联,002900
*ST东海A,000613
泰福泵业,300992
*ST深南,002417
步长制药,603858
ST金鸿,000669
威尔药业,603351
ST柏龙,002776
艾迪精密,603638
海大集团,002311
纳川股份,300198
ST洲际,600759
科创信息,300730
中望软件,688083
*ST猛狮,002684
*ST海医,600896
耐普矿机,300818
金沃股份,300984
神农科技,300189
*ST西水,600291
京山轻机,000821
台华新材,603055
中欣氟材,002915
国检集团,603060
诚邦股份,603316
真爱美家,003041
迈克生物,300463
湖北广电,000665
华康医疗,301235
思维列控,603508
大金重工,002487
凯迪股份,605288
创维数字,000810
裕同科技,002831
浙海德曼,688577
*ST环球,600146
*ST游久,600652
星华反光,301077
金逸影视,002905
百诚医药,301096
新亚电子,605277
宏英智能,001266
中洲特材,300963
科拓生物,300858
蕾奥规划,300989
华盛昌,002980
韩建河山,603616
今天国际,300532
曲江文旅,600706
双林股份,300100
共进股份,603118
天地源,600665
诺禾致源,688315
曲美家居,603818
雪龙集团,603949
崧盛股份,301002
金刚玻璃,300093
金百泽,301041
威星智能,002849
中一科技,301150
博硕科技,300951
鸿路钢构,002541
蒙娜丽莎,002918
粤海饲料,001313
江山欧派,603208
和达科技,688296
彩虹集团,003023
菱电电控,688667
致远新能,300985
朗科科技,300042
浙江黎明,603048
益客食品,301116
上声电子,688533
云煤能源,600792
天保基建,000965
青岛食品,001219
桂发祥,002820
立高食品,300973
梦洁股份,002397
大理药业,603963
国芳集团,601086
善水科技,301190
洽洽食品,002557
坚朗五金,002791
深水规院,301038
创意信息,300366
新益昌,688383
御银股份,002177
哈空调,600202
中科软,603927
秋田微,300939
顶点软件,603383
深圳新星,603978
胜宏科技,300476
北京君正,300223
永新光学,603297
力合微,688589
木林森,002745
创耀科技,688259
赤峰黄金,600988
华虹计通,300330
华昌化工,002274
海洋王,002724
保隆科技,603197
日辰股份,603755
苏奥传感,300507
新城市,300778
张小泉,301055
永安药业,002365
江苏神通,002438
圣邦股份,300661
鼎汉技术,300011
英力股份,300956
祥明智能,301226
幸福蓝海,300528
盛泰集团,605138
冰川网络,300533
中文在线,300364
江化微,603078
龙蟠科技,603906
瑞可达,688800
顾地科技,002694
上海港湾,605598
宁波方正,300998
有友食品,603697
信测标准,300938
久祺股份,300994
欧林生物,688319
禾信仪器,688622
紫天科技,300280
广州酒家,603043
金牌厨柜,603180
迪马股份,600565
安记食品,603696
中晶科技,003026
北京科锐,002350
华自科技,300490
容大感光,300576
玉马遮阳,300993
君亭酒店,301073
华安证券,600909
诺泰生物,688076
华谊兄弟,300027
嘉亨家化,300955
哈森股份,603958
震裕科技,300953
中捷精工,301072
奥精医疗,688613
钱江摩托,000913
歌力思,603808
海南发展,002163
厦门信达,000701
江苏新能,603693
芳源股份,688148
翔宇医疗,688626
华是科技,301218
富满微,300671
博拓生物,688767
雅艺科技,301113
芯朋微,688508
建科机械,300823
金洲管道,002443
汇隆新材,301057
燕塘乳业,002732
神工股份,688233
泰林生物,300813
思瑞浦,688536
亚联发展,002316
越剑智能,603095
可孚医疗,301087
恒宇信通,300965
丰乐种业,000713
小熊电器,002959
民生控股,000416
恒帅股份,300969
天目湖,603136
福达股份,603166
三元生物,301206
龙头股份,600630
元祖股份,603886
瑞丰光电,300241
京运通,601908
蓝色光标,300058
瑞芯微,603893
匠心家居,301061
广百股份,002187
龙泉股份,002671
国统股份,002205
安集科技,688019
东北证券,000686
海昌新材,300885
长动退,000835
退市拉夏,603157
大亚圣象,000910
奥泰生物,688606
四方光电,688665
唯捷创芯,688153
春秋电子,603890
品渥食品,300892
普联软件,300996
泰慕士,001234
山水比德,300844
恒久科技,002808
泰坦科技,688133
ST文化,300089
汇洁股份,002763
德才股份,605287
北鼎股份,300824
华纺股份,600448
富春染织,605189
柳钢股份,601003
迅捷兴,688655
甘源食品,002991
奥园美谷,000615
国美通讯,600898
国华网安,000004
长华股份,605018
浪莎股份,600137
中兴商业,000715
海象新材,003011
亿嘉和,603666
步步高,002251
皇庭国际,000056
蓝焰控股,000968
深大通,000038
万里石,002785
天地在线,002995
冠龙节能,301151
退市中新,603996
睿昂基因,688217
恒辉安防,300952
博俊科技,300926
中航电测,300114
科思科技,688788
新天科技,300259
伟思医疗,688580
之江生物,688317
安旭生物,688075
盛美上海,688082
国科微,300672
N禾川,688320
深圳瑞捷,300977
南极光,300940
三盛教育,300282
鹏辉能源,300438
东方生物,688298
富吉瑞,688272
中红医疗,300981
热景生物,688068
海力风电,301155
*ST德威,300325
东电退,000585
*ST海航B,900945
伊泰Ｂ股,900948
大众Ｂ股,900903
百联Ｂ股,900923
海立Ｂ股,900910
金桥Ｂ股,900911
外高Ｂ股,900912
临港B股,900928
鄂资Ｂ股,900936
神奇B股,900904
中毅达B,900906
氯碱Ｂ股,900908
华谊B股,900909
国新B股,900913
锦在线B,900914
凤凰B股,900916
丹科B股,900921
三毛B股,900922
上工Ｂ股,900924
机电Ｂ股,900925
物贸Ｂ股,900927
陆家Ｂ股,900932
海科B,900938
大名城B,900940
东信Ｂ股,900941
天雁B股,900946
振华Ｂ股,900947
锦港Ｂ股,900952
凯马Ｂ,900953
*ST海创B,900955
凌云Ｂ股,900957
老凤祥Ｂ,900905
锦江Ｂ股,900934
锦旅Ｂ股,900929
宝信Ｂ,900926
黄山Ｂ股,900942
动力Ｂ股,900920
中路Ｂ股,900915
云赛Ｂ股,900901
开开Ｂ股,900943
耀皮Ｂ股,900918
海欣Ｂ股,900917
市北B股,900902
安道麦B,200553
深华发Ｂ,200020
长安Ｂ,200625
*ST山航B,200152
古井贡Ｂ,200596
京东方Ｂ,200725
深物业B,200011
张裕Ｂ,200869
江铃Ｂ,200550
杭汽轮Ｂ,200771
深中华B,200017
苏威孚Ｂ,200581
深粮B,200019
闽灿坤Ｂ,200512
飞亚达Ｂ,200026
粤高速Ｂ,200429
鲁泰Ｂ,200726
深赛格B,200058
南玻Ｂ,200012
晨鸣Ｂ,200488
本钢板Ｂ,200761
一致Ｂ,200028
招港B,201872
方大Ｂ,200055
中鲁Ｂ,200992
粤电力Ｂ,200539
深深房Ｂ,200029
深康佳Ｂ,200016
京粮B,200505
冰山B,200530
富奥B,200030
建车B,200054
粤照明Ｂ,200541
宁通信B,200468
*ST东海B,200613
皇庭B,200056
,000006
800地产,399965
1000地产,399367
地产等权,399983
绿色煤炭,399436
中证能源,399928
,000928
国证地产,399393
,000032
1000能源,399381
中证煤炭,399998
,000869
,000149
,000986
,000104
中证白酒,399997
深证地产,399637
国证银行,399431
,000134
中证银行,399986
,000070
中证酒,399987
煤炭等权,399990
,000151
地产指数,399241
运输指数,399237
深证上游,399704
,000110
投资时钟,399391
成份Ｂ指,399003
大盘价值,399373
,000026
,000029
,000058
,000170
,000052
,000098
,000152
,000042
,000053
采矿指数,399232
,000150
,000100
,000025
300金融,399914
,000038
基建工程,399995
,000914
,000015
红利100,399411
,000048
深证时钟,399644
中证金融,399934
,000138
,000934
,000063
CS新能车,399976
国证价值,399371
,000076
小康指数,399901
,000056
国证治理,399322
,000094
,000992
,000018
国证红利,399321
,000901
,000031
央视治理,399554
智能汽车,399432
深成能源,399680
,000021
,000060
,000118
国证交运,399433
,000068
,000139
,000093
,000128
,000136
,000860
,000003
,000092
,000019
,000125
深证Ｂ指,399108
,000072
,000974
国证物流,399353
珠三角,399356
,000867
,000160
央视责任,399555
,000008
国证Ｂ指,399318
国证转债,399413
1000金融,399387
,000054
,000043
,000034
,000016
环渤海,399357
,000041
国企改革,399974
大盘低波,399404
,000865
,000853
一带一路,399991
深证红利,399324
,000145
,000102
,000129
,000155
深证能源,399613
,000010
ESG300,399378
,000055
,000027
,000066
,000073
央视成长,399552
深证转债,399307
深红利50,399672
国证农业,399365
国证食品,399396
创新示范,399351
资源优势,399319
深证治理,399328
,000819
,000120
小盘价值,399377
小盘低波,399408
,000047
,000028
巨潮100,399313
创新引擎,399050
,000159
,000057
中证100,399903
,000050
深转交债,399290
,000044
,000113
,000903
分析师指数,399354
巨潮大盘,399314
,000007
,000130
,000002
,000001
,000017
国证基建,399359
深信中低,399299
,000022
央视50,399550
深公司债,399302
,000005
深信中高,399298
,000012
深信用债,399301
,000079
国证油气,399439
,000116
深企综指,399352
企债指数,399481
,000847
新能源车,399417
沪深300,399300
央视生态,399556
深证材料,399614
1000公用,399390
高铁产业,399807
,000051
,000142
中盘价值,399375
,000300
,000064
,000099
,000823
国证大宗,399366
中小责任,399651
新丝路,399429
中证新能,399808
,000148
,000855
深证F120,399702
I300,399416
,000856
深证F60,399701
国证高铁,399419
,000090
深证GDP,399648
,000065
,000046
大中盘,399400
,000135
,000106
,000107
,000146
深成消费,399684
中小红利,399649
,000123
绿色电力,399438
,000011
国证责任,399369
,000906
中小专利,399690
国证1000,399311
深证责任,399341
,000030
中经GDP,399399
深证消费,399617
1000消费,399385
深证F200,399703
,000851
,000004
国证300,399312
中盘低波,399406
,000035
,000096
长江100,399278
,000059
,000095
深成材料,399681
,000987
国证环保,399358
国证服务,399320
国证A50,399310
国证有色,399395
,000045
深消费50,399646
周期100,399402
,000114
大盘成长,399372
1000材料,399382
,000126
中小高贝,399664
深证公用,399622
长三角,399355
批零指数,399236
国证ETF,399380
生物50,399280
深证价值,399348
国证基金,399379
央视回报,399553
中小低波,399663
1000工业,399383
国证新能,399412
,000103
,000802
,000069
,000062
,000033
深证装备,399636
,000067
中盘高贝,399407
防御100,399403
国证Ａ指,399317
深证金融,399619
水电指数,399234
深市精选,399013
500等权,399982
,000009
,000158
,000074
中小价值,399604
,000049
1000可选,399384
中证消费,399932
,000982
CSWD并购,399992
,000036
,000097
深证环保,399638
,000814
,000932
保险主题,399809
大盘高贝,399405
中小300,399008
专利领先,399427
中小100,399005
中小100R,399333
中小新兴,399642
300医药,399913
1000价值,399631
深周期50,399670
1000医药,399386
,000913
中证医药,399933
国证医药,399394
国证成长,399370
苏州率先,399410
深证农业,399669
中小基础,399623
,000933
,000147
巨潮中盘,399315
国证新兴,399392
深证100R,399004
深证100,399330
科技100,399608
,000071
中小综指,399101
,000857
深成金融,399686
中小盘,399401
,000037
深证下游,399706
300深市,399972
深证节能,399695
,000989
I100,399415
金融指数,399240
成长40,399326
消费100,399364
深成可选,399683
中证500,399905
深证可选,399616
巨潮小盘,399316
,000827
深证高贝,399662
深成公用,399689
中小治理,399650
乐富指数,399103
,000905
深证300R,399344
深证300,399007
深证医药,399618
皖江30,399350
中小成长,399602
,000115
,000153
小盘高贝,399409
深100EW,399632
环境治理,399806
生物医药,399441
深医药50,399647
100绩效,399656
深防御50,399671
深成指R,399002
,000141
深证成指,399001
深证低波,399661
深证ETF,399306
深成医药,399685
,000991
,000105
深证央企,399335
养老产业,399812
深证工业,399615
深证1000,399011
CSWD生科,399993
,000133
深证大宗,399639
机器人50,399283
生态100,399817
,000108
建筑指数,399235
中创价值,399627
深新基建,399274
深300EW,399633
新指数,399100
,000162
300绩效,399657
综企指数,399249
,000121
国证国安,399418
制造指数,399233
100低波,399645
中小绩效,399658
民企100,399362
,000849
中创高贝,399666
小盘成长,399376
中创低波,399665
公共指数,399244
700价值,399629
深成指EW,399659
,000854
,000109
深创100,399088
深A医药,399674
,000852
物联网50,399285
,000161
中小等权,399634
深证综指,399106
深证Ａ指,399107
中创400,399624
深证200R,399679
深证200,399009
,000863
中小创Q,399294
中小创新,399015
,000075
中创500,399625
碳科技60,399060
电子50,399281
国证钢铁,399440
500深市,399802
军工指数,399959
,000132
深证700,399010
深证新兴,399641
深证成长,399346
,000119
创质量,399269
深证绩效,399655
,000891
碳科技30,399030
国证军工,399368
国证保证,399420
中创100R,399611
中创100,399612
,000117
中证国防,399973
区块链50,399286
800非银,399966
,000020
1000成长,399630
700成长,399628
中盘成长,399374
深证龙头,399653
国证2000,399303
国证定增,399428
工业4.0,399803
创医药,399275
SME创新,399017
中证军工,399967
深医药EW,399676
中关村A,399422
绩效指数,399398
,000122
TMT50,399610
云科技50,399279
证券龙头,399437
,000078
深证中游,399705
AI50,399284
中创EW,399660
1000信息,399388
深证民营,399337
深证科技,399339
新浪100,399297
公共健康,399277
国证文化,399397
深成工业,399682
央视文化,399557
商务指数,399242
深证信息,399620
,000137
,000040
深成信息,399687
证券公司,399975
民企发展,399292
CSSW证券,399707
深证创新,399016
央视创新,399551
,000091
中创成长,399626
中证信息,399935
优势成长,399698
深证创投,399696
创业蓝筹,399295
,000935
创业高贝,399694
新硬件,399360
云科技,399363
创科技,399276
大农业,399814
中证国安,399813
在线消费,399361
CSSW电子,399811
中创高新,399652
智能家居,399996
深证文化,399654
移动互联,399970
,000112
创业板EW,399635
国证通信,399389
互联金融,399805
创业大盘,399293
深成电信,399688
中证医疗,399989
,000993
信息安全,399994
深证电信,399621
金融科技,399699
中关村50,399423
,000131
创业低波,399692
创业板50,399673
,000077
创业300,399012
创业板指,399006
创业板R,399606
创成长,399296
农林指数,399231
创业基础,399640
创业新兴,399643
国证传媒,399434
大数据50,399282
,000039
中证体育,399804
创业板综,399102
创精选88,399291
安防产业,399693
,000688
国证农牧,399435
,000111
,000858
文化指数,399248
创业板G,399667
创业专利,399691
创业创新,399018
IT指数,399239
深互联网,399675
CSSW传媒,399810
中证传媒,399971
创业板V,399668
中关村60,399697
深互联EW,399677
科研指数,399243
,000682
深次新股,399678
餐饮指数,399238
N中交,508018
国企红利,501059
港股高C,501306
智选FOF,501210
香港银行,501025
中证500C,501037
50LOF,502048
鹏华创新,501205
富国科创,506003
华夏创新,501207
恒生联接,501302
价值基金,501310
经典成长,501065
香港中小,501021
红利基金,501029
科创主题,501075
新能源车,501057
首钢绿能,180801
精准医疗,501005
南方原油,501018
银华鑫盛,501022
环境治理,501030
环境C,501031
东证睿玺,501049
50AH,501050
东证睿泽,501054
新能车C,501058
泓德丰泽,501071
科创投资,501082
交银瑞思,501092
科创国联,501096
科创平安,501099
添富精选,501188
科创华泰,501202
易基未来,501203
添富创新,501206
中欧创新,501208
富久LOF,501209
优选配置,501212
积极FOF,501215
行业FOF,501217
睿智FOF,501218
银河高股,501307
新经济HK,501311
军工LOF,502003
上50LOF,502040
科创长城,506008
广州广河,180201
普洛斯,508056
鹏华前海,184801
生物科技,501009
蛇口产园,180101
科创基金,501076
浙江杭徽,508001
科创银华,501083
消费增强,501089
财通福鑫,501046
质量基金,501069
沪深300A,501043
消费基金,501090
科创红土,501201
ESG基金,501086
一带一路,502013
中关村,508099
东吴苏园,508027
越秀高速,180202
军工基金,501019
盐港REIT,180301
中药基金,501011
中证500A,501036
中药C,501012
50增强,502020
科创混合,501073
证券LOF,502010
医疗基金,502056
首创水务,508006
优享FOF,501211
证券C,501048
科创大成,501079
科创配置,501078
万家科创,506001
科创富国,501077
钢铁LOF,502023
易基科创,506002
张江REIT,508000
BOCI科创,501095
500增强,502000
添富科创,506006
科创中金,501080
科创板BS,506005
财通精选,501001
科创板基,506000
生物科C,501010
科创财通,501085
财通升级,501015
科创中欧,501081
券商基金,501016
券商LOF,502053
富时AH50,501067
财通福享,501026
添富悦享,501063
美元债,501300
治理ETF,510010
价值ETF,510030
50ETF,510050
红利ETF,510880
180ETF,510180
中小100,159902
深100ETF,159901
超大ETF,510020
深成ETF,159903
央企ETF,510060
启航次级,119401
洛钼转债,113501
12鸿仪债,118013
14长热06,119130
14邯中小,111067
国债1510,101510
白电转债,113549
14长热05,119129
14长热04,119128
国债0906,100906
永创转债,113559
15狮桥07,119138
13国债25,019325
10国债23,019023
13新诚03,118197
11国债12,019112
蒙电转债,110041
14长热03,119127
隆20转债,113038
13国债09,019309
12宝塔01,118090
14好想债,112204
13国债16,019316
14长城债,118907
海运转债,110012
星宇转债,113040
13新诚01,118169
13新明02,118174
阿里06,119050
佳都转债,110050
13淮康嘉,118116
12航食01,118045
永冠转债,113612
13德御02,118202
骆驼转债,113012
12天彩债,118027
13梅花01,118125
林洋转债,113014
12威仕达,118054
14广发02,118905
福特转债,113551
科森转债,113521
12国债12,019212
11国债15,019115
15阳光05,118490
13恒顺达,118085
南威转债,113540
13金鹏02,118224
14长热02,119126
璞泰转债,113562
11国债05,019105
13腾晋02,118213
14金鼎债,118266
民生转债,110023
17国债22,019577
12长公债,118025
淳中转债,113594
13国债01,019301
阿里04,119044
国债0807,100807
南山转债,110020
15十四01,118392
阿里10,119100
侨城04,119026
13德御01,118176
澜沧江5,119033
15广发07,118936
14常机债,118301
紫金转债,113041
13江南01,118167
15翔控03,118353
12航食02,118086
寿仙转债,113585
14广发01,118904
12盛水债,118066
12常科试,118022
15漳龙债,118321
12通惠债,118058
14洋口债,118259
15证通01,112288
15海控01,118357
12远古债,118033
16国债07,019535
侨城03,119025
进出2101,018063
13绿润债,118126
吴中06,119016
14陕旅01,118297
玲珑转债,113019
12国债09,019209
18国债01,019583
核建转债,113024
明阳转债,113029
嘉友转债,113599
金诚转债,113615
高能转债,113515
14华控债,118315
14金国际,118283
13广发02,112182
12鸿瑞债,118061
15甘电债,112259
山证1501,117519
15南京02,118924
伟明转债,113523
滨化转债,113034
浙能转债,110029
15迎宾馆,118318
14国债08,019408
15国信03,118922
15国信01,118915
宁公控1,119017
白云转债,110035
15国债04,019504
16奥燃01,112385
山证1503,117531
15东北01,118913
06豫投债,111029
12宝塔02,118107
15蚂蚁5A,119252
国债1504,101504
151苏宁B,119405
国债1106,101106
14东北债,118910
节能转债,113051
15湘金01,112254
12雷山债,118060
15中城02,118407
振德转债,113555
国债1038,101038
14浦发08,119069
21国债05,019653
15广田债,112241
15晋交02,118456
13国债05,019305
华热04,116150
14浦发06,119067
14浦发04,119065
国债1301,101301
徐新盛03,119111
15粤科债,112297
国电转债,110018
阿里03,119041
12杭建工,118076
澜沧江1,119029
14卡森01,117005
15株国01,118332
15金通A2,119122
15翔控01,118347
海尔转债,110049
大地优03,116106
18国债04,019586
15东网债,112302
15翔控02,118348
15中科02,118449
13大唐02,118237
14苏宁B,119403
正川转债,113624
16金圆01,118474
14浦发02,119063
12中能02,118088
16申宏01,112386
国债1215,101215
阿里01,119035
14中超债,112213
再升转债,113510
国债1413,101413
16农四01,112403
中行转债,113001
12北矿债,118041
17特国03,019574
13八达01,118149
15狮桥06,119137
12四环01,118024
15长影01,112304
15和国资,118423
鹤21转债,113632
18国债19,019601
16华控01,118482
16胜通01,112397
建发房1,119077
15南京01,118918
克来转债,113552
15翔控05,118414
15濮水04,119143
16双星01,112337
15顺鑫02,112289
16高鸿债,112324
16银宝债,118483
15恒运债,112251
11新兴02,112027
15中环债,112265
16蔡家01,118467
阿里09,119088
15鸿业02,118459
18国债22,019604
15昆经01,118426
,119169
04首旅债,111022
16东泰债,118476
凯迪01,119185
17国债10,019564
14恒运01,112225
10国债13,019013
09国债04,019904
14中和1A,119119
同仁转债,110022
16华西01,112367
15中山02,118940
世联1B,116063
16桂金投,118462
15云旅债,112250
16魏桥02,112344
09国债03,019903
12锦昉债,118043
16昆经01,118534
12嘉林债,118083
16国债04,019532
川投转债,110016
14杰赛债,112214
15新沂01,118428
ST湘鄂债,112072
国债1522,101522
国债1403,101403
家悦转债,113584
13国元01,112186
03中铁债,111023
14国债06,019406
14陕旅03,118299
国债1204,101204
15纳海债,117013
15株国02,118333
东湖转债,110080
17国债18,019572
16融投02,118491
16华南02,112387
多伦转债,113604
15顺鑫01,112245
16南都01,112382
12拓奇债,118004
14水务03,119105
12乐视01,112085
15徐新债,118386
宁建转债,113036
14国债22,019422
17国债23,019578
国债1032,101032
16TCL02,112353
法兰转债,113598
海印01,119082
14浦发03,119064
15国海01,118917
,119164
16苏展01,118512
14浦发05,119066
泛微转债,113587
中南1优3,116092
鸿飞01,116110
12国债21,019221
招商1501,117512
博威转债,113031
21国债07,019655
中南1优2,116091
13国信01,118901
建发房2,119078
鸿飞03,116112
鸿飞04,116113
12中泰债,112070
16皖新路,118522
16曲文01,112328
17国债05,019559
海印05,119086
15绵交发,118358
15瑞泥01,118362
16凯迪01,112441
博汇转债,110007
世联1A,116062
13海岛01,118189
海印04,119085
16桂投01,118493
15东方01,118391
福能转债,110048
天创转债,113589
16环保债,118579
13开来债,118141
15金控01,118377
16一创01,112319
14衡拖债,118261
16厦贸01,112342
15东华01,112268
12泰亨债,118092
13海交投,118111
15蚂蚁2A,119160
长经06,119215
圣达转债,113539
13合利债,118173
佳力转债,113597
联泰转债,113526
南方A2,119238
16东林02,112426
15新华01,118411
12东配件,118059
15华邦债,112270
12宁西债,118036
建发房4,119080
隆基转债,113015
美兰07,119228
双良转债,110009
11国债08,019108
15城南债,118446
三电优07,116102
东证1501,117516
12武医债,118031
15阳光02,118334
11国债23,019123
15中洲债,112281
傲农转债,113620
15投资01,112307
15乐视02,118370
12粤电01,112143
农发2002,018084
12福添债,118094
12中山01,112123
14司尔01,112230
18国债15,019597
14水务02,119104
12建峰债,112122
美诺转债,113618
东证1502,117534
15星辉债,112261
16软控01,112350
11超日债,112061
13瑞源01,118128
16恒地01,118453
13宏公路,118078
国债0308,100308
15中城01,118369
15贵高01,118351
12蒙奶联,118062
12明牌债,112069
16魏桥03,112359
12露笑债,112131
12冀东02,112114
国债1502,101502
12华包债,112130
18国债20,019602
12联发债,112120
16中南01,112325
13利树债,118122
15国安债,118401
12景兴债,112121
11国脉债,112035
12浔旅债,118005
常熟转债,113018
14南郊债,118291
生益转债,110040
14北农债,112203
15宁温泉,118409
宁公控2,119018
21国债02,019650
,019412
20国债07,019633
川投转债,110061
13旭长债,118163
15长租01,118460
17国债14,019568
15国海02,118923
16泛控02,112362
15阳房01,112260
17国债02,019556
20国债13,019643
胜达转债,113591
福20转债,113611
金田转债,113046
16步高02,112431
易汇一A2,116140
15荣发02,118388
17国债25,019580
13东北01,112194
16泰达02,118472
14国债27,019427
济钢1优,119262
11棕榈债,112068
12海型债,112103
12舜天债,112108
旗滨转债,113047
东缆转债,113603
京东优02,119250
17国债24,019579
12漳水债,118051
05国债⒀,010513
12中欣02,118008
15新证债,112298
ST奈伦债,111039
15乐视01,118337
12中财债,112169
南航转债,110075
16鲁焦01,112333
15华联债,112240
15金街02,112274
15东旭债,112243
10煤气02,112024
15国海债,112244
海印03,119084
环境转债,113028
13昆旅01,118200
16泰达01,118471
索发转债,113547
14国债20,019420
06铁道07,111034
12浙富立,118012
16仪水务,118530
世运转债,113619
侨城02,119024
12致富债,118065
盛屯转债,110066
12海纳债,118082
16怀化债,118517
日月转债,113558
15铁岭01,118343
现代转债,110057
12黑乳债,118044
三电优05,116100
21国债09,019657
深燃转债,113006
15淮新01,118416
19国债10,019620
柳药转债,113563
14海宁债,117002
09哈城投,111052
鼎胜转债,113534
09国债01,019901
17国债15,019569
15新能债,118328
12南糖债,112109
14叠石01,118284
14申鑫债,118289
天路转债,110060
13丰投01,118175
16兴蓉01,112413
14长隆04,119094
工行转债,113002
明泰转债,113025
16冀中01,112292
16魏桥01,112343
16银亿04,112404
海容转债,113590
15华东债,112247
凌钢转债,110070
12德福莱,118002
起帆转债,111000
徐新盛02,119110
14华邦01,112208
16劲嘉01,112332
15国债08,019508
19国债13,019623
15珠九债,118404
15福星01,112235
16国债08,019536
山鹰转债,110047
14金贵债,112231
国债0303,100303
16铜仁01,118487
13国债11,019311
12东锆债,112110
15利得债,118382
12科地01,118099
15聚丰01,118432
12华茂债,112074
16国债09,019537
08国债25,019825
大业转债,113535
鹰19转债,110063
13莲花山,118110
京东3优3,116161
15泰禾债,118339
13围海债,112177
金牌转债,113553
12黑牛01,112163
15国债03,019503
19国债11,019621
农发2001,018083
核能转债,113026
13福星门,118121
15株国03,118368
18国债21,019603
19国债07,019617
国债1512,101512
12蒙农科,118028
09国债06,019906
08东特债,111046
19国债04,019614
15渤租01,112279
山证1502,117520
泰晶转债,113503
16国债19,019547
15昆钢债,118405
12杭设备,118077
国投转债,110073
14江仓债,118282
15盛运01,118447
长经05,119214
11国债25,019125
13国债12,019312
14国债30,019430
17国债12,019566
16华美01,112348
16泰禾02,112394
12太钢02,112104
13恒顺债,112147
16步高01,112351
15万科01,112285
15东北债,112296
16宝安01,112366
15阳集01,118350
16太阳01,112371
15东莞债,112278
20国债03,019629
建发房3,119079
10国债12,019012
12国债11,019211
13南浔债,118096
凯迪05,119189
国开2005,018014
城地转债,113596
14兴蓉01,112224
15金通A1,119121
05粤交通,111026
14江泥01,112223
12中欣01,118006
侨城05,119027
12中实债,118023
13天喜01,118119
15株发02,118360
国债0809,100809
,118384
凯迪04,119188
16投资01,112323
12松江债,118075
星美05,119182
15广投02,118380
15金通B,119123
16金贵01,118536
14济环01,118265
08国债26,019826
15深爱01,112293
16宜集01,118521
12山寨债,118097
桐20转债,113032
13福星债,117001
15中山01,118939
海环转债,113532
12森园01,118052
15国债17,019517
13宝龙01,118204
国债1613,101613
14苏污水,118281
11国债14,019114
国债917,101917
13华岳债,118084
16徐工01,112312
科达转债,113569
16国债26,019554
澜沧江2,119030
08国债18,019818
06铁道01,111033
09渝水投,111048
16国购02,112354
12蓝博02,118091
16新光01,118464
扬保障5,119235
12国债10,019210
12蓝博01,118067
12东飞01,118068
11新野01,112081
14铁岭债,112199
15金国01,118372
16三聚债,112390
12国债19,019219
13国债17,019317
21国债08,019656
12光电债,112148
凯迪2优3,116028
凯迪2优4,116029
12扬安债,118050
科慧05,119176
15蚂蚁5B,119253
洪城转债,110077
15国债02,019502
13济环01,118114
16娄底债,118477
16必康债,118500
18国债24,019606
13腾晋01,118201
10大亚债,112020
15雷山债,118342
15昆投02,118336
15阳光03,118390
16化纤债,118566
银河1504,117533
13骏浩01,118098
14筑经02,118322
14浦发01,119062
15柯桥02,118385
15蚂蚁1A,119146
起步转债,113576
12九恒星,118009
12福星债,118030
13锡软件,118079
15龙里债,118352
15九洲债,117009
15南国01,118415
大秦转债,113044
09国债24,019924
13淹城债,118093
04华电1,111024
16昆投01,112375
凯迪2优5,116030
18国债28,019610
15株发01,118341
11远兴债,112056
15星河A2,116071
13济环02,118115
09亿城债,112013
星美03,119180
15荣发01,118363
国债1017,101017
12申环01,118018
进出2103,018064
12国债16,019216
18国债18,019600
安徽1605,107151
15本钢01,112236
16华美02,112396
辽宁1509,109765
鸿飞02,116111
15海伟02,112294
大地优02,116105
13汤山债,118070
13浔旅债,118190
凯迪02,119186
12苏宁01,112138
15天保01,112256
15荣安债,112262
15中武债,112301
12锡物流,118010
银河1502,117522
15荣发05,118442
16海控01,118499
16桂建01,118553
徐新盛04,119112
15扬化01,118356
16苏宁01,118485
15中和1A,119163
12澳洋01,118029
15易成债,118329
15临安01,118335
15长交债,118338
14国债19,019419
南方A1,119237
国开2002,018011
内蒙1609,107127
凯迪2优6,116031
02广核债,111019
12海药债,112092
15东北02,118928
14长隆03,119093
14水务05,119107
全筑转债,113578
健20转债,113614
12久联债,112171
15宁证01,118326
14邳水01,118317
16鸿达债,118525
13新诚02,118179
14陕旅02,118298
国债0907,100907
国债0115,100115
11柳工01,112032
澜沧江4,119032
12中顺债,112156
15搜特债,112275
15荣发03,118389
14南京债,118908
15柯桥01,118364
侨城01,119023
12恒星债,118063
11新筑债,112053
12宣酒债,118040
国开1803,018009
10国债27,019027
13国债03,019303
16国债06,019534
银河1503,117530
15长兴债,118396
环旭转债,113045
15国信06,118935
12四方债,118014
09华菱债,111050
16侨城01,112376
11冀能债,112028
16华西02,112389
15柳建债,118371
12国债14,019214
15蚂蚁1B,119147
12天沃债,112077
15渤租02,112284
15立业债,112300
15濮水05,119144
凯迪03,119187
15昆新01,118395
15星海02,118402
13一创01,118902
14长隆01,119091
15昆发01,118346
徐新盛05,119113
08西基投,111038
12福星门,118038
15泰禾03,118375
15金街03,112277
20特国01,019635
苏租转债,110083
11中泰01,112044
国开2102,018019
10国债01,019001
11国债17,019117
17国债07,019561
19国债03,019613
江南转债,113010
16当代债,112383
16奥燃02,112416
13胜伟债,118118
12中桥债,112116
16太安02,112329
16龙基02,112391
16信利01,112421
15阳光04,118421
启航优先,119053
11鲁西债,112030
13赤湾01,112192
12森德债,118011
13御景01,118112
15中科01,118448
晶科转债,113048
14华夏债,118306
16株高01,118496
12瑞昌01,118034
东方转债,110027
15长江01,118929
09宿建投,111059
11凯迪债,112048
15铜发01,118440
国开1902,018010
10国债39,019039
12国债15,019215
14国债07,019407
16国债05,019533
08昆建债,111037
16盛润债,112378
扬保障3,119233
18国债05,019587
徐新盛01,119109
15东旭01,118359
信择161A,116143
12嘉力达,118001
16棕榈01,112372
01三峡10,111015
06国债⑴,010601
15国债27,019527
18国债09,019591
21国债10,019658
11赤湾01,112082
13美邦01,112193
钒钛债1,115001
15兴阳债,118410
15山证04,118937
14歌尔债,117003
14长隆02,119092
14水务04,119106
星美02,119179
九州转债,110034
14水务01,119103
14银河债,118286
11海大债,112047
12金正债,118104
15中置01,118452
12中能01,118020
12澳洋02,118039
12金王债,112141
13普邦债,112172
12海吉星,118049
15瑞泥02,118406
15沪宝01,118422
02国债⑶,010203
07国债10,010710
13国债21,019321
14国债13,019413
14国债24,019424
17国债09,019563
20国债01,019627
国债0403,100403
国债0501,100501
09连中小,111054
08万科G1,112005
12海翔债,112125
大地优01,116104
15昆产投,118308
15远东A2,119167
16国债20,019548
格力转债,110030
上银转债,113042
12民生债,112158
13苏宁债,112196
13新港债,118140
宁建04,119009
15泰丰01,118365
16铜仁02,118582
国信1502,117528
15世宝01,117012
12深机01,112111
15浙湖01,118408
15国广债,118430
15一创01,118916
15新郑债,118376
15东方02,118425
12墨龙01,112178
15渝高债,118378
21国债⑽,010110
21国债⑿,010112
05国债⑸,010505
06国债⒃,010616
07国债01,010701
国开1701,018005
进出1911,018061
10国债36,019036
12国债17,019217
13国债14,019314
13国债22,019322
14国债18,019418
14国债28,019428
16国债01,019529
16国债11,019539
17国债03,019557
19国债01,019611
20国债02,019628
20国债15,019645
20国债18,019648
21国债01,019649
21国债06,019654
21国债16,019664
09国债22,019922
国泰君1,101602
03华能1,111020
03华能2,111021
05泰达债,111030
08吉高速,111044
09银基债,112014
11鄂能债,112054
13秦川债,112151
16国购01,112334
16河钢01,112419
房信5,119246
05国债⑷,010504
中信转债,113021
星美04,119181
国债0213,100213
11中利债,112094
15国元01,118932
04华电2,111025
16新大02,112361
中兴债１,115003
11软控债,112029
11三钢01,112036
12中兴01,112090
13山证01,112197
11珠海债,112025
20国债⑷,010004
21国债⑺,010107
21国债⒂,010115
02国债⑽,010210
02国债⒂,010215
03国债⑴,010301
03国债⑺,010307
03国债⑻,010308
03国债⑾,010311
04国债⑶,010403
04国债⑷,010404
04国债⑻,010408
05国债⑶,010503
05国债⑾,010511
06国债⑶,010603
06国债⑷,010604
06国债⑸,010605
06国债⑹,010606
06国债⑼,010609
06国债⑽,010610
06国债⑿,010612
06国债⒀,010613
06国债⒄,010617
06国债⒅,010618
07国债03,010703
07国债04,010704
07国债05,010705
07国债06,010706
07国债07,010707
07国债13,010713
国开1301,018001
国开1401,018003
国开2004,018013
国开2101,018018
农发1901,018081
10国债02,019002
10国债03,019003
10国债04,019004
10国债05,019005
10国债07,019007
10国债09,019009
10国债10,019010
10国债11,019011
10国债14,019014
10国债15,019015
10国债17,019017
10国债18,019018
10国债20,019020
10国债21,019021
10国债22,019022
10国债24,019024
10国债25,019025
10国债26,019026
10国债28,019028
10国债29,019029
10国债30,019030
10国债31,019031
10国债32,019032
10国债33,019033
10国债34,019034
10国债37,019037
10国债38,019038
10国债40,019040
10国债41,019041
11国债02,019102
11国债03,019103
11国债04,019104
11国债06,019106
11国债13,019113
11国债19,019119
11国债20,019120
11国债21,019121
12国债01,019201
12国债02,019202
12国债04,019204
12国债05,019205
13国债02,019302
13国债07,019307
13国债13,019313
13国债15,019315
13国债19,019319
14国债02,019402
14国债03,019403
14国债05,019405
14国债26,019426
15国债05,019505
15国债07,019507
15国债11,019511
15国债13,019513
15国债18,019518
15国债21,019521
15国债22,019522
16国债02,019530
16国债12,019540
16国债15,019543
16国债17,019545
16国债24,019552
17国债04,019558
17国债19,019573
18国债10,019592
18国债26,019608
19国债05,019615
19国债08,019618
19国债09,019619
20国债05,019631
20国债09,019638
20特国04,019639
20国债10,019640
20国债11,019641
20国债17,019647
07国债14,019714
07国债18,019718
08国债02,019802
08国债03,019803
08国债04,019804
08国债06,019806
08国债07,019807
08国债10,019810
08国债11,019811
08国债13,019813
08国债17,019817
08国债19,019819
08国债20,019820
08国债22,019822
08国债23,019823
09国债02,019902
09国债05,019905
09国债07,019907
09国债09,019909
09国债10,019910
09国债11,019911
09国债12,019912
09国债13,019913
09国债15,019915
09国债16,019916
09国债17,019917
09国债18,019918
09国债19,019919
09国债20,019920
09国债23,019923
09国债25,019925
09国债26,019926
09国债27,019927
09国债28,019928
09国债29,019929
09国债30,019930
09国债31,019931
09国债32,019932
厦工回售,100906
新湖回售,100907
07长电质,104000
07海工质,104001
07华质1,104002
07华质2,104003
07华质3,104004
08金地质,104006
08莱钢质,104007
08华能质,104008
08宁沪质,104010
08金发质,104011
08保利质,104012
09豫园质,104014
09长电质,104015
09中材质,104016
09大唐质,104017
09中质G1,104018
09中质G2,104019
09复地质,104020
09广汇质,104021
09城控质,104022
09万业质,104023
09国阳质,104024
09首置质,104025
09福田质,104026
09华发质,104028
09万通质,104029
09京综质,104030
09隧道质,104032
09富力质,104033
09苏高质,104035
09沪江质,104036
09三友质,104037
09宁高质,104038
09皖通质,104039
09黄浦质,104040
09招金质,104041
09紫江质,104043
10连云质,104044
10中质G1,104045
10中质G2,104046
10首质01,104047
10首质02,104048
10营口质,104049
石化质01,104051
石化质02,104052
10泰豪质,104053
10中铁Z3,104054
10中铁Z4,104055
10龙质01,104056
10龙质02,104057
10豫园质,104058
10重钢质,104059
11西01质,104061
11西02质,104062
11龙01质,104063
11龙02质,104064
11上港质,104065
11大01质,104066
11南钢质,104067
11东营质,104814
11广汇质,104815
11三门质,104817
11牟平质,104818
11潍东质,104820
11吉城质,104821
11舟山质,104823
11中煤质,104824
11景德质,104825
11北港质,104826
11新奥质,104827
11抚州质,104828
11沈国质,104830
11惠通质,104831
11泰山质,104832
11牡国质,104834
11兴泸质,104835
11盘锦质,104836
11武经质,104837
11鑫泰质,104839
11临汾质,104840
11渝津质,104841
11合城质,104842
11绥化质,104843
11筑城质,104844
11横店质,104845
11渝富质,104846
11甬交质,104847
10桂林质,104848
11华泰质,104850
10玉01质,104851
10玉02质,104852
10太重质,104853
11渝轻质,104855
10九华质,104857
10盐质01,104858
10盐质02,104859
10龙源质,104860
09陕煤质,104861
10闽能质,104862
10榆城质,104863
11外滩质,104864
10苏海质,104865
10杭交质,104866
11石城质,104867
10沈煤质,104868
10沪化质,104869
10镇交质,104871
10复星质,104872
10通经质,104873
10红质01,104874
10红质02,104875
11海控质,104876
10渝南质,104877
10天业质,104880
10吴江质,104881
10宁高质,104882
10楚雄质,104883
10西子质,104884
10冀交质,104885
10云投质,104886
10渝交质,104887
10华靖质,104888
10冶色质,104889
10凯迪质,104890
10通辽质,104891
10寿光质,104892
10丹东质,104893
10洪市质,104894
10德州质,104895
10芜开质,104896
10襄投质,104897
10攀国质,104898
10浦质01,104899
10浦质02,104900
10营债质,104901
10赤峰质,104902
10盐东质,104903
10长投质,104904
10南昌质,104905
10芜质01,104906
10芜质02,104907
10苏交质,104908
10宜兴质,104909
10鞍城质,104911
10鄂国质,104912
10通产质,104913
09榕建质,104914
10镇水质,104915
10红谷质,104916
10阜阳质,104918
10鲁商质,104919
10郴州质,104921
10长高质,104922
10北汽质,104923
09沈国质,104925
09青国质,104926
09海航质,104927
09铁岭质,104928
09盘锦质,104930
09临海质,104931
09宜城质,104932
09南质1,104933
09南质2,104934
09南通质,104935
09鹤城质,104936
10辽源质,104937
09吉安质,104939
09咸城质,104940
10镇城质,104941
09江阴质,104942
09高桥质,104943
09株城质,104944
09虞水质,104945
09扬城质,104946
09合建质,104947
09锡交质,104948
09常投质,104949
09渝能质,104950
09淮城质,104951
09赣州质,104952
09岳城质,104953
09武进质,104954
09蓉工质,104957
09长经质,104958
09清控质,104959
09保利质,104960
09武城质,104961
09宁交质,104962
09张江质,104963
09龙湖质,104964
09潍投质,104965
09闽漳质,104967
09杭城质,104968
09豫投质,104969
09三质01,104970
09三质02,104971
09绵投质,104972
09昆创质,104973
09镇城质,104974
09济城质,104975
09永煤质,104976
09百联质,104977
09津质1,104978
09津质2,104979
09津质3,104980
09长城质,104982
09六城质,104984
09浙能质,104985
09春华质,104986
08云煤质,104987
09渝隆质,104988
08渝交质,104989
08锡公质,104990
08海航质,104991
08苏交质,104992
08云投质,104994
08合建质,104995
08常城质,104996
08苏高质,104997
08广纸质,104999
06马钢质,105001
07云化质,105003
07深高质,105006
08上汽质,105008
08赣粤质,105009
08中远质,105010
08石化质,105011
08上港质,105012
08青啤质,105013
08宝钢质,105016
08葛洲质,105017
08江铜质,105018
0102企质,105900
0201企质,105901
0204企质,105902
0205企质,105903
0207企质,105904
0288企质,105905
0301企质,105906
0302企质,105907
0303企质,105908
0304企质,105909
0305企质,105910
0306企质,105911
0307企质,105912
0308企质,105913
0309企质,105914
0310企质,105915
0311企质,105916
0483企质,105917
0485企质,105918
0486企质,105919
0488企质,105920
0489企质,105921
0490企质,105922
0501企质,105923
0502企质,105924
0503企质,105925
0505企质,105926
0506企质,105927
0508企质,105928
0509企质,105929
0510企质,105930
0511企质,105931
0512企质,105932
0516企质,105933
0517企质,105934
0518企质,105935
0519企质,105936
0520企质,105937
0521企质,105938
0522企质,105939
0523企质,105940
0525企质,105941
0527企质,105942
0528企质,105943
0529企质,105944
0601企质,105945
0602企质,105946
0603企质,105947
0604企质,105948
0605企质,105949
0606企质,105950
0607企质,105951
0608企质,105952
0609企质,105953
0610企质,105954
0701企质,105955
0702企质,105956
9902企质,105957
9903企质,105958
0101企质,105959
0203企质,105960
09新质01,106000
09皖质01,106001
09豫质01,106002
09川质01,106003
09重庆质,106004
09辽质01,106005
09天津质,106006
09鲁质01,106007
09江苏质,106008
09吉质01,106009
09青岛质,106010
09鄂质01,106011
09青海质,106012
09冀质01,106013
09蒙质01,106014
09陕质01,106015
09黑质01,106016
09云南质,106017
09浙质01,106018
09大连质,106019
09川质02,106020
09鄂质02,106021
09桂质01,106022
09北京质,106023
09沪质01,106024
09豫质02,106025
09湖南质,106026
09福建质,106027
09宁夏质,106028
09江西质,106029
09贵州质,106030
09皖质02,106031
09广东质,106032
09厦门质,106033
09海南质,106034
09山西质,106035
09甘肃质,106036
09宁波质,106037
09深圳质,106038
09新质02,106039
09鲁质02,106040
09辽质02,106041
09吉质02,106042
09桂质02,106043
09黑质02,106044
09蒙质02,106045
09冀质02,106046
09沪质02,106047
09浙质02,106048
09陕质02,106049
10地质01,106050
10地质02,106051
10地质03,106052
10地质04,106053
10地质05,106054
10地质06,106055
10地质07,106056
10地质08,106057
10地质09,106058
10地质10,106059
10贴质04,107030
10贴质05,107031
10贴质07,107033
10贴质08,107034
10贴质09,107035
10贴质10,107036
10贴质11,107037
10贴质12,107038
10贴质13,107039
10贴质14,107040
10贴质15,107041
10贴质16,107042
10贴质17,107043
10贴质18,107044
10贴质19,107045
11贴质01,107046
11贴质02,107047
10贴质02,107208
南山转债,110002
厦工转债,110004
西洋转债,110005
龙盛转债,110006
王府转债,110008
包钢转债,110010
石化转债,110015
招行转债,110036
歌华转债,110037
浦发转债,110059
赤化转债,110227
金鹰转债,110232
五洲转债,110368
山鹰转债,110567
大荒转债,110598
恒源转债,110971
国债0210,100210
国债0215,100215
国债0307,100307
国债0311,100311
国债0407,100407
国债0503,100503
国债0504,100504
国债0509,100509
国债0511,100511
国债0512,100512
国债0513,100513
国债0601,100601
国债0603,100603
国债0604,100604
国债0605,100605
国债0606,100606
国债0609,100609
国债0610,100610
国债0612,100612
国债0613,100613
国债0616,100616
国债0617,100617
国债0618,100618
国债0619,100619
国债0620,100620
国债0701,100701
国债0703,100703
国债0704,100704
国债0705,100705
国债0706,100706
国债0707,100707
国债0710,100710
国债0711,100711
国债0713,100713
国债0714,100714
国债0717,100717
国债0718,100718
国债0720,100720
国债0801,100801
国债0802,100802
国债0803,100803
国债0804,100804
国债0805,100805
国债0806,100806
国债0810,100810
国债0811,100811
国债0812,100812
国债0813,100813
国债0814,100814
国债0816,100816
国债0817,100817
国债0818,100818
国债0819,100819
国债0820,100820
国债0821,100821
国债0822,100822
国债0823,100823
国债0824,100824
国债0825,100825
国债0826,100826
国债0901,100901
国债0902,100902
国债0903,100903
国债0904,100904
国债0905,100905
国债0908,100908
国债0909,100909
国债0910,100910
国债0911,100911
国债0912,100912
国债0914,100914
国债0915,100915
国债0916,100916
国债0917,100917
国债0918,100918
国债0919,100919
国债0920,100920
国债0921,100921
国债0922,100922
国债0923,100923
国债0924,100924
国债0925,100925
国债0926,100926
国债0927,100927
国债0928,100928
国债0929,100929
国债0930,100930
国债0931,100931
国债0932,100932
国债1002,101002
国债1003,101003
国债1004,101004
国债1005,101005
国债1006,101006
国债1007,101007
国债1009,101009
国债1010,101010
国债1011,101011
国债1012,101012
国债1014,101014
国债1015,101015
国债1016,101016
国债1018,101018
国债1019,101019
国债1020,101020
国债1021,101021
国债1022,101022
国债1023,101023
国债1024,101024
国债1025,101025
国债1026,101026
国债1027,101027
国债1029,101029
国债1030,101030
国债1031,101031
国债1033,101033
国债1034,101034
国债1035,101035
国债1036,101036
国债1037,101037
国债1039,101039
国债1040,101040
国债1041,101041
国债1101,101101
国债1102,101102
国债1103,101103
国债1104,101104
国债1105,101105
国债1107,101107
国债1108,101108
国债1109,101109
国债1110,101110
国债1111,101111
国债1112,101112
国债1113,101113
国债1315,101315
国债1511,101511
国泰君安,101603
国债1605,101605
国债1606,101606
招商证1,101608
平安证券,101641
中信证券,101647
16桂资03,101650
15深爱01,101651
16云白01,101652
15甘电债,101653
15华邦债,101654
15金科01,101655
15搜特债,101656
东方证券,101657
中银国际,101672
国海证券,101678
09银基债,101688
12盐湖01,101690
13广发01,101691
13大立债,101692
13传化债,101693
13普邦债,101694
13南洋债,101695
12奥飞债,101696
12河钢01,101697
12墨龙01,101698
12南港债,101699
贴债0901,108001
贴债0902,108002
贴债0903,108003
贴债0904,108004
贴债0905,108005
贴债0906,108006
贴债0907,108007
贴债0908,108008
贴债0909,108009
贴债0910,108010
贴债0911,108011
贴债0912,108012
贴债0913,108013
贴债0914,108014
贴债0915,108015
贴债0916,108016
贴债0917,108017
贴债0918,108018
贴债0919,108019
贴债0920,108020
贴债0921,108021
贴债0922,108022
贴债0923,108023
贴债0924,108024
贴债0925,108025
贴债1001,108027
贴债1002,108028
贴债1003,108029
贴债1004,108030
贴债1005,108031
贴债1006,108032
贴债1007,108033
贴债1008,108034
贴债1009,108035
贴债1010,108036
贴债1011,108037
贴债1012,108038
贴债1013,108039
贴债1014,108040
贴债1015,108041
贴债1016,108042
贴债1017,108043
贴债1018,108044
贴债1019,108045
贴债1101,108046
贴债1102,108047
贴债1305,108063
贴债1306,108064
新疆0901,109001
安徽0901,109002
河南0901,109003
四川0901,109004
重庆0901,109005
辽宁0901,109006
天津0901,109007
山东0901,109008
江苏0901,109009
吉林0901,109010
青岛0901,109011
湖北0901,109012
青海0901,109013
河北0901,109014
内蒙0901,109015
陕西0901,109016
龙江0901,109017
云南0901,109018
浙江0901,109019
大连0901,109020
四川0902,109021
湖北0902,109022
广西0901,109023
北京0901,109024
上海0901,109025
河南0902,109026
湖南0901,109027
福建0901,109028
宁夏0901,109029
江西0901,109030
贵州0901,109031
安徽0902,109032
广东0901,109033
厦门0901,109034
海南0901,109035
山西0901,109036
甘肃0901,109037
宁波0901,109038
深圳0901,109039
新疆0902,109040
山东0902,109041
辽宁0902,109042
吉林0902,109043
广西0902,109044
龙江0902,109045
内蒙0902,109046
河北0902,109047
上海0902,109048
浙江0902,109049
陕西0902,109050
地债1001,109051
地债1002,109052
地债1003,109053
地债1004,109054
地债1005,109055
地债1006,109056
地债1007,109057
地债1008,109058
地债1009,109059
地债1010,109060
02电网15,111018
03石油债,111027
06鲁能债,111032
06节能债,111035
08铁岭债,111041
08嘉城投,111042
*ST有色,111043
09绍水务,111049
09许继债,111053
09华西债,111055
09兖城投,111057
09黄城投,111058
10佳城投,111060
11豫中小,111065
11蓉中小,111066
08泰达债,112003
08中粮债,112004
08万科G2,112006
09金街01,112007
09粤高债,112009
09西煤债,112010
10南玻01,112021
11陕气债,112034
11黔轮债,112039
11冀东01,112041
11宗申债,112045
11华孚01,112046
11报喜02,112051
11许继债,112052
11联化债,112059
11西建债,112066
11冀东02,112067
11智光债,112071
11三钢02,112073
12雅致01,112075
12雅致02,112076
11万家债,112084
12圣农01,112086
11亚迪01,112093
11新野02,112098
12乐视02,112099
12东宝债,112105
12太钢03,112106
12冀东01,112113
12冀东03,112115
12湘金01,112128
12华锦债,112129
12亚夏债,112133
12合兴债,112134
12勤上01,112136
12北新债,112139
12基地债,112140
13荣信01,112145
12希努01,112146
12银轮债,112150
12亚达债,112152
12正邦债,112155
12金刚债,112159
13传化债,112161
12德豪债,112165
12河钢02,112166
12濮耐01,112170
12南港债,112173
13广田01,112174
13三九01,112175
13南洋债,112179
12奥飞债,112180
13国元02,112187
13天晟01,112191
14三聚债,112200
14嘉杰债,112202
14锦龙债,112207
14金禾债,112210
14搜特01,112211
14欣旺01,112216
14渝发债,112219
14福星01,112220
14科陆01,112226
14利源债,112227
15岭南债,112242
15金一债,112246
15博彦债,112249
15荣盛03,112258
15中房债,112263
15阳房02,112267
15涪陵01,112269
15金科01,112272
15西部02,112283
15海伟01,112286
15海投债,112287
15证通02,112290
15渝外贸,112291
15京威债,112303
15长影02,112305
15泛控01,112306
16美的债,112310
16铁汉01,112313
16华南01,112314
16太安01,112317
16龙基01,112321
16涪陵01,112322
16海资01,112335
16迪科01,112338
16宝龙02,112341
16劲嘉02,112345
16惠誉01,112346
16惠誉02,112347
16TCL01,112352
16桂资01,112355
16云白01,112364
16峨旅01,112369
16侨城02,112377
16东林01,112380
16华联债,112381
16聚龙债,112388
16凯迪债,112399
16天顺01,112405
16厦港01,112407
16国购03,112417
16中南02,112418
16滨房01,112427
金科次级,116047
国信1401,117506
招商1502,117515
12永鹏债,118019
12南菱01,118021
12润百债,118056
13常机债,118124
13恩悠债,118181
13祥顺达,118221
14通江海,118239
15广投01,118379
15福惠02,118457
14广发03,118911
15广发01,118914
15广发05,118933
澜电01,119002
澜电02,119003
澜电03,119004
浦建收益,119005
宁建03,119008
天电收益,119010
吴中03,119013
吴中04,119014
吴中05,119015
长经04,119213
茂庸03,119289
09金街02,112008
11锡业债,112038
11东控01,112042
15中粮01,112271
15西部01,112282
15中利债,112299
16巨轮01,112330
国债0404,100404
国债1311,101311
09泛海债,112015
02国债⒀,010213
05国债⑼,010509
国开1801,018007
国开19G1,018016
11国债01,019101
11国债18,019118
12国债03,019203
13国债23,019323
14国债04,019404
14国债23,019423
15国债01,019501
15国债09,019509
15国债20,019520
16国债16,019544
16国债18,019546
16国债23,019551
17国债17,019571
18国债03,019585
18国债27,019609
19国债02,019612
20国债04,019630
12盾安债,112100
12盐湖01,112154
国泰一02,119055
14浦发07,119068
12中富01,112087
12华西债,112127
济川转债,110038
09怀化债,111051
12格林债,112142
15国债16,019516
伊力转债,110055
09宏润债,112016
15鄂能01,112252
15山投01,118381
03国债⑶,010303
05国债⑴,010501
农发1902,018082
14国债11,019411
14国债14,019414
15国债12,019512
15国债15,019515
16国债14,019542
16国债21,019549
国债0408,100408
11万方债,112037
11徐工01,112055
12万丰01,112089
12河钢01,112164
15金街01,112273
国安债1,115002
国债0203,100203
国债1611,101611
11晨鸣债,112031
15冀东01,118355
国债1308,101308
国开1802,018008
国开2003,018012
17国债20,019575
09美好债,112012
11国债09,019109
14国债15,019415
15国债06,019506
亨通转债,110056
09东药债,112011
09希望债,112017
14东江01,112217
18国债17,019599
12长安债,112079
18国债16,019598
08中联债,112002
16泛控01,112340
国开1702,018006
15国债24,019524
国债1217,101217
15中利01,118354
14万马01,112215
15国债28,019528
08粤电债,112001
12国创债,112096
12康得债,112137
国债0301,100301
国债1612,101612
12晨鸣债,112144
04国债⑺,010407
05国债⑿,010512
15国债14,019514
贴债0926,108026
08长兴债,111047
16BOE01,112358
华安转债,110067
12万向债,112080
16中城01,118520
17国债06,019560
10国债16,019016
14国债01,019401
顾家转债,113518
15辉煌01,112237
龙净转债,110068
14中弘债,112234
15荣盛01,112253
13土楼债,118081
15铜仁01,118435
13国债04,019304
国债1614,101614
12太钢01,112078
新钢转债,110003
16航空债,112316
16国债13,019541
10中关村,111061
15国债19,019519
11国债07,019107
健友转债,113579
迪贝转债,113546
东时转债,113575
13国债20,019320
16十四01,118484
12芭田债,112149
11东控02,112043
12金风01,112060
国开1302,018002
16白药01,112318
航信转债,110031
15花样02,112309
18国债13,019595
纵横转债,113573
11常山债,112063
13广发01,112181
16宝龙债,112315
16奥瑞金,112373
12隆平债,112064
11国星债,112083
11新兴01,112026
11安泰01,112049
11中粮01,112058
10国债35,019035
13国债06,019306
国债1001,101001
16红楼债,112349
15株高01,118340
12蓝标01,112135
12粤电债,112162
好客转债,113542
07中关村,111036
16蓟城01,118533
苏农转债,113516
国债998,101998
海澜转债,110045
13婷美债,118132
国债912,101912
太平转债,113627
大参转债,113605
无锡转债,110043
XD台华转,113525
江苏1510,109677
14怡亚债,112228
14国债21,019421
杭银转债,110079
12金螳01,112118
12亚厦债,112097
15濮耐01,112255
10国债06,019006
15亚迪01,112264
14欧菲债,112198
国开2006,018015
澄星转债,110078
14白药01,112229
财通转债,113043
12三维债,112168
11报喜01,112050
16圣乙债,118511
永鼎转债,110058
嘉泽转债,113039
12江泥01,112112
国债1528,101528
11亚迪02,112190
14机电01,112201
大丰转债,113530
18国债07,019589
12云内债,112107
14万里债,112221
16国债25,019553
11柳工02,112033
景20转债,113602
15荣盛02,112257
16万楼01,118506
15银亿01,112308
12大康债,112102
15东华02,112280
06鄂能债,111031
12安泰债,112101
19国债15,019625
10国债08,019008
江山转债,113625
12瑞泽债,112189
07国债17,019717
国债0410,100410
广汇转债,110072
15东集01,117008
国贸转债,110033
15国债23,019523
13大立债,112176
华体转债,113574
17国债01,019555
08甬交投,111040
宝信转债,110039
12福发债,112117
15亿阳01,118419
11富阳债,111063
12柳工债,112065
09津滨债,112018
16万维01,112393
13国债08,019308
桐昆转债,113020
美兰08,119229
杭电转债,113505
光大转债,113011
嘉澳转债,113502
15振业债,112238
15暴风债,118478
17国债13,019567
16歌尔01,112384
11徐工02,112124
紫银转债,113037
15文山债,118436
11建能债,112040
南银转债,113050
国债904,101904
江苏1601,109808
08西城投,111045
06国债⒇,010620
电气转债,113008
12新都债,112062
11长交债,111064
塞力转债,113601
15国债26,019526
12富春01,112088
14山证01,112218
15中城04,118451
宏辉转债,113565
11国债10,019110
烽火转债,110062
11国债11,019111
君禾转债,113567
利群转债,113033
晨丰转债,113628
04国债⑽,010410
国投转债,110013
12科伦02,112153
东风转债,113030
12科陆01,112157
16蓝标债,112320
16丰兴01,118503
11国债22,019122
荣泰转债,113606
16皋沿01,118479
翔港转债,113566
12莱士债,112167
苏银转债,110053
13神农债,118238
16昆仑01,112311
进出1912,018062
深南优09,116132
12科伦01,112126
16奥园01,118489
湖盐转债,110071
14长证债,112232
16掌趣01,112392
16海资02,112357
花王转债,113595
15司尔债,112295
15利尔01,112266
18国债23,019605
贴债1405,108071
国债1320,101320
国债1505,101505
10南玻02,112022
12毅昌01,112160
19国债06,019616
华海转债,110076
15金一01,118403
浙商转债,113022
皖天转债,113631
国债1303,101303
贵广转债,110052
15金鸿债,112276
广电转债,110044
11东磁债,112057
华钰转债,113027
12派特01,118026
12恒邦债,112119
09宜化债,112019
文灿转债,113537
正裕转债,113561
12康盛债,112095
15华控债,118397
14中山债,112212
国君转债,113013
15中南01,118345
15中城03,118450
15新华联,118327
16国债10,019538
杭叉转债,113622
12东飞02,118080
16国债03,019531
18国债11,019593
17国债16,019570
12浙天台,118095
国债1313,101313
威派转债,113608
14国债29,019429
中海转债,110017
长久转债,113519
09湖交投,111056
13腾晋03,118214
15华控02,118420
吉视转债,113007
12制药债,112132
17国债08,019562
恒丰转债,110019
14漳发债,112233
12冠耀集,118057
新凤转债,113508
奇精转债,113524
05神华债,111028
20国债06,019632
伟20转债,113607
国债0505,100505
广东1514,109629
15阳光01,118325
嘉元转债,118000
上机转债,113586
澜沧江3,119031
永安转债,113609
10并高铁,111062
山玻转债,111001
国债1207,101207
春秋转债,113577
桃李转债,113544
15道桥债,118398
12国债18,019218
08国债14,019814
国债1028,101028
国债1509,101509
天目转债,113564
威帝转债,113514
景旺转债,113512
12长青债,118046
圆通转债,110046
小康转债,113016
金能转债,113545
鼎信转债,113506
13苏新债,118113
12国债07,019207
维格转债,113527
泉峰转债,113629
16太安债,112336
国开2007,018017
宏发转债,110082
14国信01,118906
隧道转债,110024
赛伍转债,113630
15国债10,019510
15福惠01,118400
凤21转债,113623
广汽转债,113009
15英大01,118919
三一转债,110032
中天转债,110051
润达转债,113588
11国债16,019116
新泉转债,113509
15阳集02,118383
15狮桥05,119136
石英转债,113548
重工转债,113003
新春转债,113568
11国债24,019124
安20转债,113592
金博转债,118001
天马转债,113507
闻泰转债,110081
06国债⒆,010619
韦尔转债,113616
安图转债,113538
参林转债,113533
艾华转债,113504
荣晟转债,113541
长汽转债,113049
13东星债,118105
建工转债,110064
精达转债,110074
冠城转债,110028
灵康转债,113610
欧派转债,113543
绝味转债,113529
国债1114,101114
百达转债,113570
20国债12,019642
10国债19,019019
国债1425,101425
三星转债,113536
13宝悦02,118178
13渤租债,112188
至纯转债,113556
新星转债,113600
中信建投,101601
平安转债,113005
天合转债,118002
火炬转债,113582
12中科债,118015
三祥转债,113572
龙蟠转债,113581
14雏鹰债,112209
沪工转债,113593
航电转债,110042
仙鹤转债,113554
15长经开,118374
08国债05,019805
14长热01,119125
13新明01,118142
常汽转债,113550
安井转债,113513
19国债12,019622
吉视转债,113017
伯特转债,113626
淮矿转债,110065
博特转债,113571
国债1516,101516
百姓转债,113531
瀚蓝转债,110069
国债1507,101507
10煤气01,112023
08国债01,019801
国债1412,101412
曙光转债,113517
国债1013,101013
国债1008,101008
长城转债,113528
彤程转债,113621
12向日01,112091
国金转债,110025
歌华转债,110011
福莱转债,113035
旭升转债,113522
康隆转债,113580
12信威债,118007
益丰转债,113583
13嵊宾馆,118073
13京天债,118194
国债0913,100913
12精彩债,118089
14鸿仪01,118303
13夏远01,118203
13国债18,019318
15豪美01,118331
13东宇债,118191
百合转债,113520
森特转债,113557
国债1506,101506
通威转债,110054
15大重债,117011
千禾转债,113511
